frequency,recency,T,monetary_value,predicted_purchases_90,predicted_purchases_oneyear
5.0,315.0,356.0,5182.487999999999,1,5
3.0,283.0,397.0,2512.7999999999997,0,3
6.0,260.0,335.0,1725.6000000000001,1,6
2.0,303.0,364.0,2240.5499999999997,0,2
1.0,149.0,189.0,5662.080000000001,0,2
5.0,324.0,370.0,9446.1,1,4
2.0,148.0,239.0,6547.56,0,3
12.0,292.0,334.0,3231.2000000000003,3,11
1.0,133.0,281.0,2096.64,0,1
3.0,105.0,151.0,1907.9199999999998,1,6
3.0,309.0,399.0,5405.0,0,3
1.0,15.0,98.0,2980.8,0,3
2.0,225.0,335.0,3727.7999999999997,0,2
2.0,96.0,137.0,934.56,1,5
1.0,39.0,393.0,5196.36,0,0
2.0,89.0,209.0,1619.22,0,3
4.0,164.0,224.0,4380.4349999999995,1,6
5.0,115.0,158.0,887.3879999999999,2,10
5.0,168.0,391.0,2054.364,0,3
2.0,93.0,160.0,1133.22,1,4
1.0,29.0,405.0,1189.1999999999998,0,0
5.0,311.0,365.0,3898.7400000000002,1,5
3.0,260.0,371.0,3096.2400000000002,0,3
1.0,154.0,256.0,7401.84,0,1
13.0,356.0,410.0,1692.9046153846152,2,10
1.0,100.0,174.0,9910.44,0,2
3.0,142.0,300.0,2269.52,0,3
2.0,161.0,222.0,6884.76,0,3
4.0,215.0,303.0,3076.1099999999997,1,4
6.0,228.0,299.0,2771.98,1,6
3.0,104.0,221.0,13409.779999999999,1,4
2.0,95.0,208.0,2956.3199999999997,0,3
3.0,271.0,376.0,743.7999999999998,0,3
2.0,93.0,349.0,1694.07,0,1
17.0,313.0,376.0,56976.349411764706,3,14
11.0,354.0,396.0,2477.6454545454544,2,9
3.0,304.0,358.0,1793.8799999999999,0,3
2.0,229.0,363.0,2344.38,0,2
8.0,353.0,392.0,1671.9824999999998,1,7
4.0,360.0,410.0,839.49,0,3
9.0,258.0,322.0,2679.3133333333335,2,9
3.0,356.0,404.0,6825.04,0,3
15.0,338.0,412.0,3351.432,3,12
2.0,130.0,211.0,7220.82,0,3
5.0,373.0,412.0,19026.336,1,4
3.0,276.0,399.0,2192.34,0,3
1.0,188.0,306.0,31923.600000000002,0,1
15.0,330.0,370.0,2491.3079999999995,3,13
1.0,126.0,179.0,16717.8,0,2
4.0,150.0,210.0,6494.76,1,6
3.0,165.0,226.0,8865.68,1,4
1.0,17.0,212.0,796.3199999999999,0,1
5.0,314.0,363.0,9980.808,1,5
5.0,223.0,335.0,1299.7199999999998,1,5
3.0,210.0,293.0,6121.34,0,3
8.0,181.0,278.0,1294.4925,2,9
1.0,213.0,323.0,4192.2,0,1
1.0,60.0,193.0,1656.0,0,2
3.0,301.0,342.0,1000.36,0,3
5.0,195.0,280.0,1591.7399999999998,1,6
6.0,299.0,348.0,1377.84,1,6
2.0,162.0,208.0,1216.32,0,3
2.0,173.0,355.0,2088.2999999999997,0,2
38.0,370.0,411.0,4094.338421052631,7,29
12.0,343.0,412.0,4391.474999999999,2,9
4.0,162.0,230.0,4593.345,1,6
25.0,351.0,407.0,2373.4752,5,19
13.0,360.0,400.0,4182.83076923077,2,11
8.0,289.0,350.0,13596.029999999999,1,7
3.0,308.0,375.0,6815.88,0,3
8.0,343.0,404.0,5633.2125,1,6
10.0,322.0,378.0,1509.372,2,9
7.0,304.0,375.0,3977.382857142857,1,6
2.0,66.0,114.0,3091.9799999999996,1,6
9.0,324.0,368.0,4199.493333333334,2,8
1.0,42.0,144.0,1135.92,0,2
2.0,32.0,236.0,765.0,0,2
10.0,356.0,404.0,897.108,2,8
1.0,36.0,96.0,1297.98,0,3
10.0,310.0,372.0,3205.284,2,9
4.0,214.0,348.0,6435.975,1,4
2.0,164.0,337.0,3374.4,0,2
1.0,3.0,68.0,1021.5,1,4
1.0,183.0,364.0,2497.44,0,1
1.0,103.0,219.0,6057.84,0,2
3.0,162.0,229.0,4695.38,1,4
4.0,110.0,149.0,3591.18,2,8
5.0,194.0,312.0,2646.096,1,5
1.0,12.0,90.0,858.36,0,3
12.0,330.0,370.0,1135.075,2,10
7.0,324.0,372.0,4923.994285714286,1,6
2.0,94.0,133.0,3302.6400000000003,1,5
2.0,244.0,364.0,895.68,0,2
7.0,303.0,351.0,1692.1457142857143,1,7
4.0,277.0,375.0,2567.325,1,4
1.0,95.0,225.0,2859.48,0,1
3.0,311.0,372.0,5913.299999999999,0,3
18.0,342.0,400.0,5727.453333333334,3,14
2.0,251.0,319.0,2776.08,0,2
1.0,184.0,298.0,3089.3999999999996,0,1
2.0,31.0,116.0,1580.7,1,5
1.0,83.0,319.0,401.76,0,1
1.0,1.0,78.0,993.6,0,3
12.0,321.0,368.0,2041.165,2,11
1.0,101.0,190.0,2413.32,0,2
4.0,355.0,410.0,23569.47,0,3
1.0,9.0,358.0,415.19999999999993,0,0
3.0,138.0,182.0,2235.16,1,5
6.0,190.0,237.0,4614.16,2,8
7.0,347.0,408.0,8497.714285714286,1,6
26.0,250.0,291.0,1185.373846153846,6,27
1.0,82.0,160.0,2253.36,0,2
2.0,43.0,90.0,1956.6000000000001,1,7
5.0,269.0,343.0,1726.944,1,5
1.0,324.0,398.0,3316.14,0,1
3.0,317.0,377.0,7632.56,0,3
1.0,50.0,327.0,2538.96,0,0
17.0,371.0,412.0,3092.827058823529,3,13
14.0,277.0,319.0,846.7114285714287,3,14
3.0,117.0,390.0,1991.78,0,2
1.0,351.0,407.0,1633.8,0,1
1.0,116.0,183.0,4273.44,0,2
1.0,121.0,252.0,1707.84,0,1
2.0,110.0,257.0,755.28,0,3
8.0,285.0,361.0,3091.095,1,7
1.0,191.0,281.0,2897.64,0,1
4.0,249.0,307.0,6572.385,1,4
7.0,275.0,323.0,2707.0285714285715,1,7
6.0,275.0,343.0,1149.8,1,6
10.0,343.0,410.0,2076.804,2,8
5.0,143.0,371.0,705.4439999999998,0,3
1.0,182.0,300.0,628.8000000000001,0,1
2.0,240.0,357.0,3479.34,0,2
6.0,104.0,165.0,1536.5,2,11
3.0,231.0,301.0,6628.32,0,3
3.0,166.0,207.0,4583.44,1,5
4.0,212.0,336.0,832.8599999999999,1,4
11.0,237.0,292.0,2272.5654545454545,3,12
2.0,190.0,243.0,3231.8099999999995,0,3
19.0,364.0,404.0,5740.926315789474,3,15
1.0,71.0,216.0,2829.84,0,1
2.0,108.0,358.0,3723.54,0,2
12.0,303.0,365.0,3659.3199999999997,2,11
6.0,130.0,179.0,5133.4800000000005,2,10
3.0,60.0,103.0,1205.6000000000001,2,8
1.0,34.0,82.0,4721.16,1,4
4.0,229.0,326.0,2338.875,1,4
1.0,65.0,193.0,8348.16,0,2
7.0,256.0,362.0,5256.9,1,6
2.0,58.0,120.0,1697.97,1,5
2.0,82.0,146.0,2681.94,1,5
4.0,204.0,371.0,5124.09,0,3
4.0,283.0,355.0,2874.72,1,4
1.0,45.0,88.0,5106.72,1,4
10.0,347.0,408.0,2239.866,2,8
2.0,258.0,404.0,2591.1,0,2
1.0,148.0,335.0,11867.52,0,1
3.0,285.0,334.0,1203.28,0,3
7.0,225.0,281.0,4762.5085714285715,2,8
2.0,67.0,117.0,2210.49,1,5
10.0,373.0,412.0,2950.236,2,8
8.0,314.0,361.0,4352.58,1,7
1.0,7.0,370.0,522.72,0,0
5.0,348.0,394.0,5428.451999999999,1,4
2.0,106.0,295.0,1955.61,0,2
5.0,222.0,271.0,3903.6479999999997,1,6
1.0,321.0,365.0,3233.16,0,1
6.0,196.0,246.0,1843.62,2,8
5.0,287.0,350.0,1363.44,1,5
9.0,311.0,392.0,16019.620000000003,1,7
7.0,231.0,322.0,314.15142857142854,1,7
3.0,113.0,152.0,1523.08,1,6
22.0,340.0,393.0,4359.19909090909,4,18
26.0,368.0,410.0,3813.2607692307693,5,20
15.0,361.0,404.0,3959.54,3,12
6.0,206.0,252.0,2482.26,2,8
5.0,65.0,132.0,3839.8559999999998,2,10
1.0,102.0,166.0,6109.92,0,2
5.0,329.0,396.0,1418.52,1,4
5.0,199.0,358.0,1109.088,1,4
1.0,113.0,222.0,3567.24,0,2
3.0,203.0,249.0,1362.04,1,4
4.0,148.0,208.0,1137.555,1,6
3.0,208.0,254.0,10538.84,1,4
1.0,163.0,281.0,3821.88,0,1
6.0,162.0,208.0,2615.58,2,9
12.0,342.0,396.0,4117.755,2,10
15.0,339.0,407.0,1338.176,3,12
25.0,363.0,405.0,2909.9183999999996,5,20
3.0,105.0,240.0,1141.0199999999998,1,4
16.0,349.0,410.0,2106.22875,3,13
4.0,285.0,333.0,7758.360000000001,1,4
1.0,130.0,172.0,3117.96,0,2
1.0,94.0,284.0,3082.56,0,1
2.0,60.0,104.0,1346.04,1,6
23.0,367.0,408.0,1891.5078260869566,4,18
6.0,334.0,404.0,3672.0399999999995,1,5
5.0,65.0,189.0,997.9440000000001,1,6
2.0,62.0,104.0,1765.29,1,6
3.0,327.0,371.0,2423.12,0,3
6.0,329.0,396.0,3374.6399999999994,1,5
6.0,310.0,359.0,4746.64,1,6
3.0,261.0,371.0,1614.0,0,3
12.0,341.0,403.0,12250.22,2,10
1.0,22.0,376.0,3811.44,0,0
1.0,21.0,138.0,310.5,0,2
5.0,267.0,357.0,11728.655999999999,1,5
10.0,367.0,408.0,3181.47,2,8
113.0,373.0,412.0,2112.8522123893804,4,17
6.0,210.0,252.0,4157.94,2,8
9.0,359.0,401.0,16071.453333333331,1,7
2.0,73.0,347.0,12080.25,0,1
9.0,196.0,250.0,3342.6533333333336,2,11
1.0,160.0,315.0,10136.88,0,1
2.0,223.0,314.0,4508.07,0,2
1.0,18.0,64.0,11931.119999999999,1,4
1.0,231.0,408.0,1447.1999999999998,0,1
6.0,363.0,405.0,8077.139999999999,1,5
5.0,294.0,350.0,1887.312,1,5
5.0,293.0,351.0,1112.0639999999999,1,5
10.0,350.0,410.0,3004.0199999999995,2,8
3.0,263.0,323.0,440.52,0,3
5.0,353.0,396.0,3003.216,1,4
4.0,73.0,114.0,2622.51,2,10
1.0,6.0,54.0,463.68,1,5
2.0,183.0,231.0,1267.9199999999998,0,3
1.0,37.0,410.0,3431.52,0,0
1.0,45.0,137.0,4512.48,0,2
2.0,160.0,209.0,22320.0,0,3
2.0,332.0,407.0,1469.22,0,2
2.0,24.0,323.0,1138.68,0,0
1.0,51.0,237.0,3715.44,0,1
1.0,81.0,215.0,2101.32,0,1
3.0,323.0,365.0,2135.0,0,3
2.0,17.0,126.0,945.12,1,4
4.0,222.0,335.0,3009.6000000000004,1,4
7.0,363.0,404.0,1557.8657142857141,1,6
2.0,39.0,83.0,881.1600000000001,1,7
5.0,128.0,169.0,1313.9279999999999,2,9
2.0,38.0,399.0,695.7,0,0
5.0,134.0,210.0,7553.111999999999,1,7
1.0,66.0,137.0,956.16,0,2
3.0,252.0,350.0,4880.900000000001,0,3
1.0,340.0,412.0,2425.14,0,1
14.0,355.0,396.0,2875.0928571428567,3,11
5.0,83.0,265.0,3085.548,0,3
23.0,367.0,410.0,1292.5930434782608,4,18
1.0,238.0,347.0,6703.08,0,1
7.0,199.0,303.0,1881.0771428571427,1,7
1.0,101.0,169.0,1252.98,0,2
3.0,23.0,329.0,800.4,0,0
1.0,237.0,307.0,2869.92,0,1
5.0,208.0,354.0,2413.2239999999997,1,4
2.0,240.0,357.0,3801.24,0,2
6.0,56.0,102.0,2446.06,3,15
1.0,92.0,341.0,2526.24,0,1
1.0,147.0,238.0,4321.68,0,1
2.0,333.0,398.0,6506.1,0,2
6.0,334.0,399.0,5023.43,1,5
5.0,188.0,412.0,2329.632,0,3
1.0,123.0,246.0,2060.16,0,1
1.0,39.0,404.0,1837.74,0,0
1.0,219.0,401.0,419.03999999999996,0,1
1.0,139.0,235.0,12371.16,0,1
11.0,355.0,397.0,1046.1327272727272,2,9
2.0,248.0,305.0,2184.06,0,2
3.0,47.0,130.0,1139.0400000000002,1,7
1.0,24.0,72.0,8215.199999999999,1,4
1.0,65.0,128.0,3414.06,0,3
2.0,60.0,162.0,2128.32,1,4
2.0,152.0,258.0,2390.37,0,3
3.0,41.0,294.0,113.19999999999999,0,1
2.0,107.0,331.0,1198.5,0,2
2.0,44.0,125.0,330.06000000000006,1,5
1.0,97.0,340.0,728.64,0,1
28.0,262.0,309.0,4727.809285714286,7,27
1.0,154.0,211.0,2198.46,0,2
1.0,67.0,117.0,8160.96,0,3
2.0,254.0,351.0,1314.0,0,2
6.0,214.0,292.0,1694.6000000000001,1,7
5.0,218.0,280.0,3904.9199999999996,1,6
4.0,38.0,79.0,2787.0599999999995,3,13
4.0,364.0,407.0,4284.15,0,3
1.0,224.0,411.0,1359.96,0,1
3.0,182.0,359.0,5898.900000000001,0,3
7.0,161.0,208.0,1298.0400000000002,2,10
34.0,370.0,412.0,3921.9123529411763,6,26
4.0,239.0,366.0,1808.4,1,4
1.0,70.0,113.0,2706.12,0,3
4.0,324.0,398.0,3466.7999999999997,0,3
2.0,93.0,210.0,781.92,0,3
14.0,336.0,396.0,19756.431428571428,2,11
2.0,259.0,322.0,2064.12,0,2
6.0,317.0,358.0,2387.42,1,6
2.0,61.0,117.0,889.56,1,5
3.0,252.0,306.0,3558.2400000000002,0,3
5.0,270.0,373.0,16009.919999999998,1,4
3.0,41.0,126.0,1424.64,1,7
2.0,234.0,404.0,1762.65,0,2
1.0,319.0,393.0,2633.88,0,1
10.0,230.0,412.0,916.0439999999999,1,5
7.0,248.0,303.0,1993.062857142857,1,7
6.0,222.0,291.0,3607.0399999999995,1,7
2.0,22.0,63.0,6369.6,2,8
7.0,322.0,369.0,1011.2142857142857,1,6
3.0,73.0,117.0,1800.5999999999997,2,8
13.0,266.0,306.0,2720.3169230769226,3,13
10.0,335.0,378.0,2958.4919999999997,2,9
1.0,106.0,152.0,795.96,0,2
7.0,357.0,404.0,1748.297142857143,1,6
1.0,315.0,361.0,3554.64,0,1
70.0,369.0,411.0,1278.306857142857,11,44
11.0,203.0,397.0,4670.214545454545,0,3
1.0,104.0,172.0,1534.8,0,2
2.0,28.0,67.0,1921.44,2,8
2.0,124.0,236.0,998.4300000000001,0,3
15.0,361.0,403.0,3677.408,3,12
2.0,279.0,349.0,1296.0,0,2
1.0,89.0,151.0,1659.3600000000001,0,2
3.0,275.0,337.0,862.7599999999999,0,3
4.0,264.0,307.0,1139.49,1,4
6.0,295.0,356.0,1234.96,1,6
2.0,49.0,284.0,562.08,0,2
2.0,258.0,403.0,1383.8999999999999,0,2
12.0,322.0,365.0,6218.18,2,11
2.0,109.0,253.0,373.68,0,3
20.0,346.0,396.0,2182.968,4,16
2.0,73.0,285.0,610.38,0,2
1.0,37.0,399.0,1906.62,0,0
9.0,285.0,333.0,861.4933333333333,2,9
13.0,370.0,410.0,2079.2676923076924,2,10
15.0,279.0,320.0,1574.9599999999998,3,15
3.0,196.0,288.0,7413.32,1,4
1.0,50.0,162.0,3026.2799999999997,0,2
20.0,279.0,334.0,2880.435,4,19
10.0,361.0,404.0,2161.254,2,8
1.0,65.0,168.0,2930.2799999999997,0,2
6.0,274.0,314.0,1182.7,1,6
5.0,241.0,393.0,9192.960000000001,1,4
2.0,23.0,84.0,1261.95,1,7
2.0,323.0,392.0,3582.9599999999996,0,2
1.0,357.0,407.0,3082.86,0,1
2.0,49.0,126.0,2073.36,1,5
1.0,315.0,408.0,3957.36,0,1
2.0,203.0,299.0,2298.42,0,2
2.0,118.0,295.0,2616.12,0,2
2.0,210.0,329.0,2127.78,0,2
1.0,25.0,72.0,3100.86,1,4
1.0,236.0,305.0,3581.16,0,1
13.0,342.0,412.0,1730.1553846153847,2,10
4.0,313.0,366.0,2757.2999999999997,1,4
1.0,254.0,357.0,4169.4,0,1
25.0,357.0,405.0,1777.8167999999998,5,20
2.0,149.0,252.0,3556.71,0,3
2.0,127.0,190.0,927.9,1,4
3.0,315.0,366.0,2533.46,0,3
1.0,8.0,71.0,2314.2,1,4
1.0,309.0,358.0,1488.0,0,1
19.0,369.0,408.0,1482.5084210526315,3,15
2.0,365.0,405.0,1724.4899999999998,0,2
39.0,365.0,405.0,2534.676923076923,7,30
4.0,136.0,179.0,406.98,1,7
17.0,370.0,410.0,12496.217647058822,3,13
7.0,212.0,377.0,3816.7371428571428,1,5
1.0,71.0,114.0,922.8,0,3
82.0,367.0,408.0,5731.852682926829,10,41
15.0,364.0,411.0,4712.831999999999,3,12
5.0,289.0,398.0,455.77200000000005,1,4
9.0,106.0,412.0,6395.093333333333,0,0
14.0,347.0,407.0,882.5657142857142,2,11
9.0,328.0,399.0,5147.826666666667,1,7
33.0,316.0,356.0,7056.32909090909,7,29
21.0,364.0,404.0,2379.614285714286,4,17
5.0,351.0,393.0,1652.6879999999996,1,4
4.0,289.0,372.0,1985.6399999999999,1,4
4.0,155.0,196.0,823.65,1,7
6.0,280.0,350.0,1632.08,1,6
23.0,366.0,405.0,3663.0834782608695,4,18
13.0,358.0,405.0,1410.927692307692,2,10
7.0,351.0,411.0,928.6800000000001,1,6
3.0,269.0,327.0,2618.48,0,3
1.0,146.0,279.0,155.52,0,1
2.0,270.0,398.0,10825.439999999999,0,2
8.0,362.0,405.0,1904.3325,1,6
3.0,164.0,226.0,1974.36,1,4
1.0,31.0,343.0,476.28,0,0
4.0,168.0,279.0,2572.815,1,5
9.0,315.0,404.0,2364.72,1,7
8.0,298.0,347.0,3514.08,2,7
5.0,350.0,411.0,1276.08,1,4
6.0,243.0,298.0,6425.77,1,7
2.0,258.0,405.0,1095.3899999999999,0,2
4.0,231.0,354.0,3859.65,1,4
4.0,333.0,411.0,663.075,0,3
3.0,89.0,138.0,1641.6000000000001,1,7
9.0,335.0,403.0,2801.8733333333334,1,7
3.0,275.0,328.0,3597.7599999999998,0,3
3.0,335.0,407.0,1637.1999999999998,0,3
4.0,249.0,337.0,3161.8199999999997,1,4
3.0,224.0,357.0,2612.8799999999997,0,3
4.0,107.0,154.0,1914.495,2,8
4.0,212.0,373.0,1850.6549999999997,0,3
1.0,305.0,390.0,5550.24,0,1
3.0,125.0,182.0,1516.08,1,5
3.0,282.0,357.0,1874.14,0,3
1.0,189.0,291.0,1725.6000000000001,0,1
4.0,291.0,338.0,594.795,1,4
2.0,353.0,408.0,5810.97,0,2
10.0,334.0,399.0,4159.907999999999,2,8
8.0,327.0,373.0,3458.145,1,7
8.0,276.0,329.0,1492.425,2,8
4.0,89.0,167.0,1145.0099999999998,1,7
1.0,97.0,154.0,1114.3200000000002,0,2
1.0,110.0,244.0,3712.08,0,1
2.0,251.0,301.0,5331.84,0,2
7.0,351.0,400.0,3555.66,1,6
33.0,363.0,405.0,2348.5272727272727,6,26
3.0,107.0,165.0,1522.4799999999998,1,6
3.0,233.0,281.0,1947.1200000000001,1,4
1.0,135.0,189.0,438.35999999999996,0,2
5.0,251.0,348.0,1721.8799999999999,1,5
8.0,331.0,400.0,5706.795,1,7
2.0,351.0,400.0,4503.66,0,2
2.0,52.0,100.0,2028.6299999999999,1,6
4.0,143.0,238.0,2292.87,1,5
3.0,34.0,195.0,134.19999999999996,0,3
3.0,158.0,275.0,2032.64,1,4
1.0,119.0,398.0,2894.7599999999998,0,0
1.0,32.0,271.0,518.16,0,0
1.0,91.0,190.0,7792.799999999999,0,2
7.0,358.0,400.0,5782.902857142857,1,6
12.0,361.0,404.0,1845.705,2,10
6.0,231.0,282.0,1714.3500000000001,1,7
1.0,262.0,375.0,2507.76,0,1
2.0,82.0,145.0,1196.91,1,5
4.0,349.0,399.0,1224.3,0,3
3.0,269.0,404.0,1215.0,0,2
1.0,101.0,252.0,1382.3999999999999,0,1
5.0,312.0,369.0,2635.464,1,4
3.0,65.0,121.0,542.4,1,7
1.0,65.0,228.0,648.6,0,1
2.0,169.0,300.0,1743.9299999999998,0,2
1.0,183.0,378.0,4614.4800000000005,0,1
2.0,370.0,412.0,683.94,0,2
2.0,194.0,244.0,1965.21,0,3
1.0,17.0,324.0,820.8,0,0
32.0,324.0,364.0,1896.665625,7,28
4.0,220.0,312.0,3739.1699999999996,1,4
17.0,348.0,398.0,1837.98,3,14
20.0,364.0,405.0,1695.9959999999999,4,16
9.0,250.0,306.0,2320.793333333333,2,9
14.0,368.0,408.0,2943.308571428571,2,11
1.0,58.0,128.0,1123.92,0,3
1.0,36.0,138.0,3760.02,0,2
3.0,118.0,172.0,504.79999999999995,1,6
2.0,215.0,376.0,2104.68,0,2
5.0,202.0,259.0,1165.56,1,6
1.0,126.0,224.0,567.24,0,2
3.0,267.0,329.0,5651.5199999999995,0,3
1.0,246.0,323.0,2732.94,0,1
1.0,60.0,288.0,3234.96,0,1
1.0,13.0,411.0,1667.8799999999999,0,0
2.0,60.0,106.0,3210.7799999999997,1,6
3.0,189.0,331.0,1228.34,0,3
9.0,368.0,411.0,1719.9733333333334,1,7
3.0,181.0,242.0,1528.5,1,4
4.0,301.0,347.0,2211.7799999999997,1,4
5.0,316.0,363.0,1118.136,1,5
1.0,146.0,189.0,900.0,0,2
4.0,317.0,378.0,2589.18,1,4
3.0,72.0,112.0,218.04000000000005,2,8
4.0,217.0,293.0,8716.154999999999,1,5
6.0,294.0,397.0,2629.57,1,5
2.0,36.0,76.0,1400.88,1,7
24.0,360.0,404.0,3432.9174999999996,4,19
4.0,143.0,252.0,2040.7649999999999,1,5
1.0,14.0,125.0,2564.64,0,2
4.0,81.0,123.0,1383.2399999999998,2,9
7.0,328.0,399.0,7612.354285714285,1,6
7.0,327.0,404.0,3405.5485714285714,1,6
3.0,335.0,405.0,1206.72,0,3
2.0,223.0,354.0,3343.08,0,2
2.0,223.0,344.0,7783.5599999999995,0,2
4.0,231.0,315.0,14648.279999999999,1,4
1.0,210.0,316.0,7360.92,0,1
2.0,63.0,118.0,1094.3999999999999,1,5
4.0,284.0,326.0,4713.345,1,4
1.0,26.0,82.0,3226.44,1,4
2.0,209.0,256.0,6183.21,0,3
1.0,81.0,376.0,4877.88,0,0
2.0,216.0,315.0,9644.46,0,2
2.0,135.0,273.0,2670.18,0,2
2.0,110.0,175.0,1813.92,1,4
6.0,277.0,337.0,4439.96,1,6
7.0,148.0,217.0,3496.7914285714287,2,10
2.0,221.0,271.0,2240.3999999999996,0,3
8.0,308.0,348.0,2076.99,2,7
3.0,298.0,358.0,2593.5800000000004,0,3
5.0,267.0,378.0,2054.616,1,4
1.0,245.0,411.0,2600.04,0,1
1.0,211.0,251.0,287.28000000000003,0,2
2.0,243.0,356.0,1709.67,0,2
54.0,372.0,412.0,4067.171111111111,10,40
6.0,283.0,330.0,1021.68,1,6
2.0,163.0,335.0,4159.2,0,2
1.0,38.0,120.0,3625.92,0,3
1.0,201.0,244.0,3355.74,0,2
17.0,361.0,411.0,2548.4435294117643,3,13
3.0,36.0,209.0,233.31999999999996,0,3
1.0,250.0,329.0,8518.68,0,1
2.0,186.0,333.0,5073.12,0,2
10.0,359.0,398.0,2665.152,2,8
2.0,196.0,254.0,1528.3799999999999,0,3
3.0,65.0,114.0,1875.28,2,8
3.0,68.0,125.0,864.7800000000001,1,7
1.0,21.0,127.0,3442.0800000000004,0,2
1.0,22.0,135.0,3828.96,0,2
7.0,184.0,228.0,3971.597142857143,2,10
6.0,176.0,229.0,2719.1,2,8
3.0,12.0,74.0,2434.44,2,9
7.0,357.0,412.0,3580.1228571428574,1,6
5.0,192.0,257.0,2995.392,1,6
4.0,308.0,373.0,5219.355,1,4
1.0,11.0,309.0,2442.6000000000004,0,0
1.0,124.0,328.0,1425.84,0,1
3.0,342.0,405.0,869.3000000000001,0,3
6.0,190.0,246.0,2114.71,2,8
21.0,352.0,398.0,3299.8999999999996,4,17
1.0,20.0,88.0,629.88,0,3
2.0,125.0,202.0,3612.48,0,3
1.0,26.0,75.0,2498.52,1,4
39.0,372.0,412.0,1126.5215384615383,7,30
1.0,16.0,154.0,410.4,0,1
3.0,46.0,86.0,4398.22,2,9
2.0,272.0,371.0,730.74,0,2
3.0,107.0,337.0,3084.8799999999997,0,2
3.0,103.0,320.0,1010.12,0,2
7.0,254.0,330.0,1489.6114285714286,1,7
2.0,36.0,273.0,607.7099999999999,0,1
6.0,323.0,407.0,2463.92,1,5
2.0,77.0,194.0,3816.7799999999997,0,3
2.0,296.0,392.0,1585.05,0,2
14.0,320.0,376.0,4464.951428571429,3,12
3.0,189.0,333.0,1031.2,0,3
9.0,321.0,411.0,1029.74,1,7
2.0,78.0,253.0,3956.2799999999997,0,2
1.0,12.0,326.0,3649.68,0,0
5.0,361.0,407.0,2452.9919999999997,1,4
2.0,349.0,398.0,485.64,0,2
1.0,86.0,407.0,1614.48,0,0
6.0,252.0,308.0,1371.76,1,6
3.0,99.0,161.0,2241.4599999999996,1,6
2.0,307.0,362.0,737.76,0,2
7.0,165.0,271.0,3878.9742857142855,2,8
2.0,57.0,408.0,629.28,0,1
3.0,142.0,184.0,3421.7999999999997,1,5
6.0,276.0,323.0,1066.64,1,6
4.0,182.0,222.0,2490.645,1,6
3.0,175.0,286.0,1902.36,1,3
2.0,217.0,277.0,5164.05,0,3
4.0,120.0,218.0,2089.35,1,6
6.0,313.0,410.0,4402.56,1,5
2.0,9.0,49.0,3344.4,2,9
4.0,333.0,405.0,6610.9349999999995,0,3
4.0,179.0,258.0,1080.9,1,5
1.0,234.0,287.0,2873.52,0,1
5.0,293.0,365.0,3575.472,1,5
1.0,126.0,243.0,1050.1200000000001,0,1
1.0,161.0,405.0,1480.5,0,1
1.0,85.0,306.0,1030.1999999999998,0,1
33.0,356.0,397.0,1340.9054545454544,6,26
6.0,74.0,114.0,4141.7,3,14
6.0,272.0,354.0,1538.3999999999999,1,6
3.0,224.0,348.0,1220.6000000000001,0,3
1.0,201.0,279.0,1396.98,0,1
2.0,188.0,239.0,1820.73,0,3
1.0,147.0,282.0,3330.84,0,1
7.0,217.0,281.0,868.2514285714286,2,8
11.0,249.0,354.0,2432.350909090909,2,9
1.0,128.0,240.0,21234.06,0,1
1.0,252.0,319.0,2850.0,0,1
3.0,63.0,107.0,1114.68,2,8
2.0,164.0,284.0,4963.379999999999,0,2
1.0,56.0,179.0,3865.2,0,2
2.0,224.0,407.0,451.1099999999997,0,2
1.0,315.0,373.0,1080.72,0,1
1.0,42.0,121.0,2403.18,0,3
11.0,241.0,292.0,1471.1727272727273,3,12
1.0,203.0,292.0,2182.5,0,1
4.0,153.0,215.0,1335.54,1,6
19.0,363.0,412.0,2771.311578947368,3,15
4.0,216.0,280.0,2701.1549999999997,1,5
1.0,355.0,408.0,2507.52,0,1
9.0,240.0,294.0,2150.8533333333335,2,10
1.0,165.0,218.0,1929.72,0,2
6.0,292.0,342.0,2310.57,1,6
2.0,202.0,305.0,2716.4700000000003,0,2
3.0,229.0,303.0,473.24,0,3
4.0,228.0,375.0,2965.1850000000004,0,3
1.0,7.0,51.0,2369.16,1,5
23.0,365.0,405.0,1687.7973913043477,4,18
1.0,166.0,250.0,2655.72,0,1
2.0,282.0,350.0,874.53,0,2
6.0,273.0,324.0,1211.31,1,6
3.0,270.0,398.0,2365.2400000000002,0,3
3.0,306.0,369.0,3882.42,0,3
2.0,140.0,219.0,1712.82,0,3
4.0,267.0,336.0,1112.13,1,4
6.0,298.0,396.0,1817.82,1,5
10.0,315.0,377.0,5924.568,2,9
8.0,280.0,324.0,1761.3825,2,8
7.0,168.0,306.0,3481.4485714285715,1,6
4.0,219.0,282.0,3847.9049999999997,1,5
4.0,294.0,366.0,2515.5449999999996,1,4
5.0,249.0,324.0,1307.196,1,5
2.0,174.0,265.0,1608.87,0,3
2.0,154.0,224.0,1790.3999999999999,0,3
4.0,97.0,144.0,3629.25,2,8
4.0,225.0,273.0,2583.8849999999998,1,5
1.0,110.0,405.0,1233.84,0,0
5.0,251.0,306.0,2384.616,1,5
1.0,4.0,78.0,124.19999999999999,0,3
2.0,323.0,407.0,3263.91,0,2
4.0,230.0,312.0,4970.25,1,4
1.0,127.0,280.0,4561.26,0,1
1.0,173.0,376.0,1811.28,0,1
1.0,191.0,240.0,1904.52,0,2
4.0,195.0,243.0,3087.8999999999996,1,5
2.0,123.0,359.0,2097.2099999999996,0,2
6.0,174.0,298.0,900.1899999999999,1,6
1.0,227.0,326.0,170.64,0,1
20.0,360.0,401.0,2506.143,4,16
1.0,99.0,188.0,1419.84,0,2
1.0,14.0,71.0,1520.3400000000001,1,4
1.0,133.0,323.0,1481.04,0,1
4.0,338.0,378.0,2759.31,1,4
3.0,138.0,194.0,1726.0,1,5
5.0,58.0,99.0,2966.376,3,13
4.0,212.0,275.0,1264.755,1,5
40.0,370.0,412.0,12841.569,7,31
13.0,228.0,298.0,1546.2923076923075,3,13
7.0,301.0,366.0,2502.0257142857145,1,6
9.0,83.0,127.0,2034.993333333333,4,19
2.0,366.0,412.0,1634.4,0,2
1.0,48.0,354.0,1850.1599999999999,0,0
11.0,312.0,354.0,4355.263636363637,2,10
5.0,91.0,411.0,1296.456,0,0
6.0,266.0,337.0,1572.4799999999998,1,6
1.0,49.0,334.0,1594.8,0,0
4.0,219.0,273.0,1884.42,1,5
3.0,138.0,293.0,1475.5,0,3
2.0,162.0,321.0,3755.4900000000002,0,2
10.0,259.0,347.0,714.924,2,9
1.0,62.0,139.0,6532.32,0,2
1.0,5.0,72.0,915.6,1,3
5.0,274.0,349.0,1421.9279999999999,1,5
1.0,26.0,200.0,3698.16,0,1
1.0,27.0,285.0,2509.08,0,0
3.0,210.0,273.0,5115.16,1,4
1.0,255.0,299.0,3107.94,0,1
3.0,146.0,256.0,1391.34,1,4
11.0,304.0,359.0,1999.74,2,10
7.0,257.0,298.0,1426.3457142857144,2,8
1.0,197.0,331.0,2187.48,0,1
3.0,278.0,412.0,2056.72,0,2
4.0,283.0,375.0,2737.965,1,4
5.0,122.0,285.0,1508.58,1,5
1.0,166.0,356.0,1052.6399999999999,0,1
7.0,60.0,102.0,1966.7571428571428,4,18
11.0,358.0,399.0,3245.650909090909,2,9
6.0,362.0,412.0,3909.03,1,5
1.0,38.0,110.0,820.8,0,3
1.0,202.0,295.0,1258.5,0,1
1.0,129.0,218.0,4802.76,0,2
2.0,108.0,210.0,7076.97,0,3
2.0,267.0,376.0,4240.86,0,2
41.0,371.0,412.0,3325.4180487804874,8,31
13.0,358.0,399.0,1564.0061538461537,2,11
3.0,183.0,286.0,4867.0,1,4
2.0,206.0,278.0,3749.31,0,3
30.0,373.0,412.0,5298.102,5,23
1.0,163.0,209.0,2022.24,0,2
5.0,315.0,366.0,1194.192,1,5
10.0,323.0,371.0,1951.632,2,9
1.0,289.0,403.0,1688.88,0,1
2.0,125.0,207.0,460.9199999999996,0,3
1.0,221.0,326.0,1004.0999999999999,0,1
52.0,371.0,411.0,5737.856538461538,9,39
1.0,178.0,333.0,2882.16,0,1
4.0,222.0,399.0,8350.439999999999,0,3
5.0,259.0,328.0,3173.412,1,5
1.0,77.0,168.0,3557.5199999999995,0,2
4.0,91.0,135.0,2435.7,2,9
1.0,28.0,95.0,2039.3999999999999,0,3
2.0,56.0,278.0,1379.16,0,2
2.0,63.0,144.0,1080.12,1,4
4.0,95.0,173.0,2006.895,1,7
2.0,81.0,176.0,3918.6,1,4
4.0,296.0,357.0,6229.964999999999,1,4
3.0,41.0,103.0,507.16,2,8
1.0,322.0,390.0,2109.12,0,1
2.0,18.0,358.0,3038.34,0,0
1.0,117.0,300.0,957.6,0,1
1.0,35.0,79.0,1356.6,1,4
1.0,73.0,130.0,2546.34,0,3
4.0,278.0,349.0,2603.4750000000004,1,4
2.0,86.0,182.0,1240.98,1,4
5.0,353.0,408.0,2975.124,1,4
3.0,190.0,254.0,1399.72,1,4
1.0,106.0,356.0,1308.06,0,1
2.0,364.0,408.0,1881.3899999999999,0,2
8.0,308.0,405.0,3189.18,1,6
3.0,336.0,399.0,1205.72,0,3
2.0,274.0,405.0,3936.0,0,2
1.0,119.0,209.0,7838.16,0,2
2.0,193.0,327.0,9983.1,0,2
28.0,357.0,404.0,2284.2985714285714,5,22
3.0,35.0,242.0,746.4000000000001,0,2
4.0,85.0,125.0,1730.565,2,9
9.0,314.0,371.0,1625.1933333333334,2,8
3.0,231.0,328.0,1045.9399999999998,0,3
2.0,187.0,257.0,3635.67,0,3
1.0,31.0,77.0,22320.0,1,4
3.0,234.0,396.0,7690.779999999999,0,2
7.0,285.0,326.0,2613.9942857142855,1,7
12.0,286.0,347.0,4101.214999999999,2,11
3.0,190.0,348.0,719.64,0,3
4.0,248.0,340.0,3001.5899999999997,1,4
8.0,275.0,335.0,3021.1724999999997,2,8
17.0,308.0,350.0,7791.303529411765,4,15
5.0,62.0,103.0,1559.976,3,13
6.0,325.0,365.0,3552.9799999999996,1,5
3.0,276.0,322.0,1777.4399999999998,0,3
1.0,11.0,239.0,891.96,0,0
1.0,99.0,257.0,3037.38,0,1
12.0,357.0,397.0,1154.93,2,10
3.0,220.0,285.0,1608.64,1,4
3.0,288.0,349.0,1038.2,0,3
4.0,143.0,203.0,4574.474999999999,1,6
1.0,258.0,313.0,747.0,0,1
2.0,79.0,301.0,1590.75,0,2
4.0,246.0,357.0,5504.9400000000005,1,4
1.0,257.0,333.0,1091.4,0,1
4.0,197.0,315.0,3839.79,1,4
8.0,251.0,347.0,2333.22,1,7
2.0,33.0,75.0,1217.34,2,7
1.0,142.0,230.0,1718.3999999999999,0,2
1.0,204.0,292.0,8429.04,0,1
2.0,68.0,160.0,568.3199999999999,1,4
8.0,71.0,111.0,1042.2225,4,19
4.0,98.0,173.0,490.56,1,7
3.0,123.0,172.0,996.2800000000001,1,6
2.0,157.0,365.0,1616.04,0,2
1.0,79.0,175.0,1056.36,0,2
2.0,195.0,319.0,3536.3999999999996,0,2
1.0,39.0,187.0,2550.96,0,1
3.0,288.0,350.0,1034.34,0,3
3.0,127.0,183.0,1716.5200000000002,1,5
6.0,351.0,411.0,5278.22,1,5
2.0,188.0,306.0,1458.24,0,2
5.0,92.0,133.0,3140.136,2,11
3.0,235.0,285.0,1518.12,1,4
2.0,118.0,333.0,1918.1999999999998,0,2
2.0,27.0,277.0,4991.88,0,1
6.0,345.0,391.0,4173.2,1,5
2.0,69.0,109.0,627.9300000000001,1,6
1.0,151.0,344.0,977.34,0,1
4.0,266.0,310.0,1880.0249999999999,1,4
2.0,283.0,401.0,1590.78,0,2
1.0,50.0,110.0,850.3199999999999,0,3
1.0,224.0,284.0,431.03999999999996,0,1
2.0,31.0,378.0,1235.1,0,0
16.0,358.0,404.0,4495.256249999999,3,13
10.0,277.0,324.0,1966.596,2,10
1.0,131.0,240.0,373.14,0,1
5.0,245.0,315.0,3028.8959999999997,1,5
1.0,31.0,84.0,313.2,1,4
3.0,326.0,404.0,3962.76,0,3
10.0,337.0,405.0,1875.03,2,8
5.0,340.0,405.0,553.392,1,4
15.0,260.0,303.0,3667.904,4,16
8.0,235.0,293.0,3600.21,2,9
1.0,174.0,278.0,3066.84,0,1
5.0,131.0,182.0,1204.116,2,8
11.0,298.0,369.0,2325.8290909090906,2,10
5.0,145.0,187.0,3358.6799999999994,2,8
5.0,230.0,284.0,1779.816,1,6
14.0,351.0,400.0,2112.3685714285716,2,11
3.0,328.0,412.0,4786.54,0,2
1.0,22.0,195.0,2551.08,0,1
6.0,245.0,327.0,5092.86,1,6
4.0,206.0,254.0,5572.29,1,5
2.0,197.0,351.0,2730.7799999999997,0,2
2.0,7.0,244.0,1264.71,0,1
2.0,165.0,314.0,1473.06,0,2
4.0,203.0,396.0,7413.09,0,3
3.0,92.0,177.0,2808.36,1,5
1.0,72.0,127.0,2588.2799999999997,0,3
2.0,101.0,295.0,1794.96,0,2
1.0,243.0,289.0,2580.12,0,1
1.0,3.0,163.0,542.16,0,1
1.0,81.0,183.0,2509.7999999999997,0,2
6.0,348.0,405.0,2328.36,1,5
17.0,365.0,411.0,6303.921176470589,3,13
16.0,364.0,405.0,1362.55875,3,13
1.0,135.0,196.0,1475.46,0,2
4.0,269.0,336.0,2336.625,1,4
1.0,188.0,403.0,293.76,0,1
3.0,129.0,246.0,2317.52,1,4
11.0,291.0,370.0,2452.1127272727276,2,9
3.0,283.0,348.0,1324.46,0,3
2.0,264.0,412.0,5522.4,0,2
5.0,364.0,411.0,1662.216,1,4
3.0,301.0,356.0,12773.36,0,3
1.0,75.0,145.0,2161.2,0,2
24.0,366.0,405.0,5130.685,4,19
1.0,35.0,198.0,882.0,0,1
23.0,283.0,323.0,2713.0878260869563,5,22
14.0,337.0,399.0,3096.9900000000002,2,11
19.0,368.0,411.0,2531.4,3,15
10.0,355.0,403.0,7880.910000000001,2,8
5.0,245.0,313.0,1667.196,1,5
1.0,33.0,135.0,1244.7,0,2
7.0,261.0,303.0,1282.5,2,7
2.0,257.0,300.0,2632.8,0,2
4.0,234.0,313.0,793.905,1,4
5.0,272.0,412.0,1514.172,1,4
2.0,102.0,408.0,1995.5099999999998,0,1
7.0,367.0,410.0,840.3514285714285,1,6
15.0,366.0,407.0,2282.86,3,12
12.0,312.0,361.0,29607.329999999998,2,11
14.0,365.0,411.0,2410.9714285714285,2,11
16.0,97.0,140.0,29579.895,7,29
10.0,338.0,393.0,2248.1459999999997,2,8
5.0,253.0,365.0,8688.288,1,4
4.0,39.0,83.0,1855.8449999999998,3,12
1.0,11.0,204.0,869.04,0,1
7.0,313.0,403.0,2756.348571428571,1,6
2.0,71.0,140.0,1256.52,1,5
12.0,263.0,305.0,3292.47,3,12
4.0,227.0,280.0,1232.88,1,5
9.0,253.0,314.0,1988.8799999999999,2,9
6.0,351.0,393.0,1340.54,1,5
1.0,57.0,369.0,1585.4399999999998,0,0
4.0,102.0,160.0,2203.47,2,8
5.0,56.0,98.0,4164.503999999999,3,13
2.0,68.0,117.0,5993.37,1,5
2.0,188.0,349.0,1639.2599999999998,0,2
1.0,195.0,294.0,2758.98,0,1
3.0,259.0,299.0,2115.28,0,3
11.0,181.0,222.0,2471.4109090909087,3,15
3.0,186.0,354.0,753.6999999999999,0,3
12.0,371.0,411.0,2688.32,2,10
1.0,62.0,102.0,2854.08,0,3
2.0,28.0,70.0,1574.22,2,8
5.0,103.0,144.0,984.744,2,10
4.0,171.0,256.0,4186.08,1,5
4.0,349.0,396.0,3543.8999999999996,0,3
2.0,236.0,324.0,1182.48,0,2
1.0,324.0,398.0,2925.12,0,1
2.0,159.0,273.0,1231.6799999999998,0,3
50.0,363.0,411.0,18812.5428,9,35
1.0,266.0,324.0,1291.2,0,1
10.0,343.0,401.0,3726.06,2,8
2.0,154.0,408.0,3430.83,0,1
1.0,119.0,331.0,926.1,0,1
3.0,152.0,278.0,5623.16,1,4
1.0,10.0,119.0,2976.0,0,2
3.0,292.0,370.0,1178.1999999999998,0,3
2.0,209.0,258.0,1395.9899999999998,0,3
5.0,278.0,368.0,4619.028,1,4
2.0,63.0,399.0,1730.13,0,1
3.0,95.0,218.0,1206.52,1,4
6.0,174.0,221.0,1970.53,2,9
1.0,12.0,91.0,1395.8999999999999,0,3
28.0,362.0,411.0,1313.6378571428572,5,22
9.0,302.0,349.0,1494.9866666666667,2,8
22.0,366.0,407.0,1620.6845454545453,4,17
13.0,219.0,259.0,2883.636923076923,4,16
1.0,202.0,308.0,3573.48,0,1
24.0,304.0,347.0,3698.6525,5,22
2.0,51.0,291.0,555.0,0,1
6.0,235.0,278.0,663.83,1,7
8.0,299.0,398.0,644.61,1,6
3.0,355.0,404.0,1263.0,0,3
1.0,121.0,399.0,2726.28,0,0
6.0,322.0,371.0,2374.98,1,5
6.0,280.0,410.0,2205.7999999999997,1,5
12.0,242.0,334.0,1426.4899999999998,2,11
6.0,247.0,316.0,501.13999999999993,1,6
6.0,357.0,407.0,2230.7,1,5
3.0,34.0,76.0,3810.9600000000005,2,10
21.0,365.0,405.0,713.6857142857143,4,17
1.0,111.0,397.0,2650.68,0,0
7.0,297.0,378.0,3691.945714285714,1,6
3.0,172.0,303.0,1855.3999999999996,0,3
3.0,210.0,359.0,2228.44,0,3
6.0,241.0,308.0,1685.08,1,6
10.0,258.0,323.0,2140.884,2,10
4.0,282.0,372.0,2060.205,1,4
4.0,109.0,327.0,1064.55,0,3
7.0,233.0,303.0,1602.2914285714285,1,7
4.0,274.0,356.0,2794.41,1,4
3.0,35.0,96.0,1123.32,2,8
4.0,250.0,299.0,4658.76,1,4
1.0,292.0,411.0,2502.4799999999996,0,1
11.0,273.0,355.0,1632.1145454545454,2,10
1.0,195.0,264.0,5506.32,0,1
1.0,91.0,364.0,1180.32,0,0
13.0,357.0,404.0,1482.1107692307692,2,10
4.0,87.0,302.0,1394.16,0,3
2.0,135.0,284.0,4248.6,0,2
1.0,82.0,128.0,5602.5599999999995,0,3
4.0,56.0,96.0,3360.66,2,11
2.0,110.0,403.0,1704.3,0,1
5.0,267.0,357.0,4093.2479999999996,1,5
8.0,328.0,376.0,9877.455,1,7
1.0,28.0,117.0,1819.26,0,2
7.0,232.0,279.0,2819.657142857143,2,8
2.0,218.0,411.0,1384.1100000000001,0,2
1.0,39.0,187.0,2305.08,0,1
5.0,110.0,299.0,734.4960000000001,1,4
1.0,181.0,293.0,2545.98,0,1
3.0,191.0,281.0,1237.4799999999998,1,4
4.0,201.0,328.0,1407.795,1,4
2.0,197.0,251.0,9615.630000000001,0,3
13.0,263.0,305.0,1812.5076923076922,3,13
2.0,56.0,125.0,1352.6399999999999,1,5
3.0,155.0,215.0,5259.76,1,5
4.0,219.0,281.0,5282.25,1,5
2.0,190.0,237.0,281.76,0,3
5.0,281.0,328.0,976.5120000000001,1,5
5.0,350.0,400.0,2537.136,1,4
7.0,274.0,314.0,3422.914285714286,1,7
10.0,319.0,365.0,4006.8900000000003,2,9
3.0,365.0,407.0,1883.8199999999997,0,3
1.0,292.0,371.0,1377.36,0,1
4.0,257.0,313.0,2183.0699999999997,1,4
25.0,357.0,399.0,15923.256,5,20
16.0,358.0,405.0,1589.10375,3,13
1.0,79.0,340.0,3179.52,0,1
3.0,64.0,174.0,2101.32,1,5
2.0,34.0,124.0,1578.27,1,5
4.0,285.0,412.0,4590.57,0,3
9.0,350.0,397.0,2004.0733333333333,1,7
5.0,291.0,376.0,2161.7879999999996,1,4
6.0,245.0,305.0,2663.07,1,6
4.0,323.0,372.0,2505.495,1,4
3.0,124.0,277.0,758.62,0,3
12.0,321.0,368.0,2339.12,2,11
1.0,11.0,174.0,654.48,0,1
2.0,125.0,186.0,3098.16,1,4
8.0,342.0,397.0,2302.995,1,7
1.0,80.0,135.0,903.66,0,3
3.0,260.0,315.0,2993.9799999999996,0,3
5.0,273.0,357.0,3039.0959999999995,1,5
4.0,189.0,249.0,618.93,1,5
6.0,241.0,407.0,759.7599999999999,1,5
1.0,177.0,336.0,6302.52,0,1
2.0,116.0,312.0,3516.24,0,2
1.0,25.0,69.0,630.0,1,4
3.0,21.0,120.0,889.4200000000001,1,6
5.0,68.0,126.0,662.3639999999999,2,11
2.0,63.0,133.0,4118.4,1,5
6.0,103.0,250.0,4148.78,1,5
12.0,268.0,315.0,5658.875,3,12
1.0,71.0,301.0,2507.3999999999996,0,1
1.0,251.0,334.0,1966.74,0,1
2.0,125.0,202.0,4173.63,0,3
2.0,14.0,62.0,610.32,2,8
2.0,77.0,148.0,5516.04,1,4
9.0,364.0,411.0,2637.6266666666666,1,7
4.0,310.0,357.0,2101.635,1,4
7.0,362.0,411.0,5185.139999999999,1,6
10.0,370.0,411.0,2623.524,2,8
1.0,306.0,410.0,3134.3399999999997,0,1
22.0,213.0,252.0,902.7954545454545,6,26
13.0,355.0,398.0,2424.2815384615383,2,11
4.0,117.0,286.0,1316.3100000000002,1,4
5.0,336.0,408.0,2159.6519999999996,1,4
8.0,169.0,315.0,1821.3600000000001,1,6
6.0,254.0,303.0,3119.52,1,6
4.0,297.0,407.0,3590.9399999999996,0,3
7.0,290.0,344.0,519.5828571428572,1,7
2.0,37.0,111.0,1239.24,1,5
7.0,267.0,397.0,1511.4171428571428,1,6
12.0,359.0,399.0,3422.25,2,10
1.0,20.0,81.0,1073.52,1,4
2.0,105.0,147.0,7420.68,1,5
5.0,354.0,403.0,1549.212,1,4
1.0,154.0,250.0,2969.88,0,1
5.0,267.0,306.0,6411.839999999999,1,5
10.0,341.0,398.0,3261.3,2,8
1.0,13.0,102.0,345.59999999999997,0,3
6.0,318.0,364.0,1419.03,1,5
5.0,80.0,128.0,3324.036,2,11
5.0,51.0,111.0,1760.8319999999999,3,12
4.0,357.0,404.0,3525.195,0,3
9.0,365.0,404.0,1430.9866666666667,1,7
4.0,315.0,355.0,1800.0149999999999,1,4
5.0,319.0,411.0,2350.7760000000003,1,4
3.0,246.0,285.0,2038.5600000000002,1,4
3.0,262.0,319.0,2483.16,0,3
1.0,355.0,403.0,2263.6800000000003,0,1
3.0,354.0,411.0,1929.64,0,2
2.0,140.0,359.0,1336.2,0,2
1.0,134.0,233.0,2511.18,0,1
1.0,83.0,132.0,1136.94,0,3
7.0,137.0,181.0,3446.6057142857144,3,12
2.0,200.0,349.0,1685.94,0,2
2.0,113.0,300.0,5501.37,0,2
10.0,276.0,378.0,1540.242,2,8
2.0,107.0,244.0,1714.5,0,3
1.0,56.0,341.0,3825.36,0,0
6.0,343.0,411.0,2616.34,1,5
3.0,295.0,351.0,1291.74,0,3
1.0,276.0,326.0,1356.84,0,1
7.0,252.0,394.0,1963.6714285714284,1,6
1.0,208.0,321.0,1239.84,0,1
5.0,233.0,343.0,819.24,1,5
4.0,278.0,336.0,2374.68,1,4
1.0,112.0,404.0,1177.08,0,0
1.0,123.0,326.0,2770.08,0,1
5.0,221.0,278.0,3043.5719999999997,1,6
4.0,342.0,407.0,2223.1349999999998,0,3
1.0,197.0,411.0,1771.2,0,1
6.0,148.0,194.0,2422.16,2,10
1.0,71.0,160.0,691.1999999999999,0,2
1.0,62.0,412.0,1944.12,0,0
4.0,319.0,400.0,3714.1949999999997,0,3
2.0,252.0,317.0,2860.44,0,2
2.0,101.0,228.0,298.20000000000005,0,3
2.0,255.0,358.0,512.0999999999999,0,2
9.0,294.0,352.0,2024.993333333333,2,8
5.0,175.0,217.0,4890.864,1,7
3.0,231.0,317.0,1453.62,0,3
9.0,345.0,401.0,4395.0599999999995,1,7
4.0,352.0,408.0,3612.1949999999997,0,3
4.0,253.0,315.0,2081.895,1,4
1.0,67.0,128.0,1151.46,0,3
5.0,122.0,172.0,1875.012,2,9
1.0,45.0,271.0,1234.92,0,1
3.0,188.0,327.0,1162.02,0,3
2.0,270.0,370.0,3321.12,0,2
4.0,201.0,257.0,3478.845,1,5
1.0,108.0,180.0,646.56,0,2
1.0,289.0,329.0,876.72,0,1
3.0,174.0,237.0,1924.34,1,4
5.0,329.0,399.0,2640.264,1,4
10.0,353.0,400.0,3118.398,2,8
63.0,371.0,412.0,1018.4361904761904,11,44
2.0,50.0,149.0,2010.9,1,4
5.0,271.0,335.0,3694.332,1,5
3.0,116.0,391.0,1962.4000000000003,0,2
7.0,328.0,391.0,1642.2685714285715,1,6
18.0,316.0,357.0,1716.2933333333333,4,16
3.0,189.0,287.0,5496.860000000001,1,4
1.0,192.0,295.0,2337.36,0,1
1.0,29.0,83.0,3863.52,1,4
2.0,300.0,348.0,3317.7,0,2
6.0,261.0,358.0,1795.0,1,5
18.0,361.0,403.0,1225.52,3,14
1.0,337.0,400.0,7488.9,0,1
5.0,244.0,287.0,3222.66,1,6
7.0,51.0,93.0,4146.788571428571,4,19
1.0,167.0,356.0,2703.36,0,1
1.0,34.0,83.0,3523.38,1,4
1.0,186.0,243.0,504.72,0,2
3.0,320.0,378.0,1816.9800000000002,0,3
3.0,42.0,91.0,5612.94,2,9
1.0,245.0,341.0,1046.16,0,1
21.0,350.0,396.0,697.1542857142857,4,17
2.0,109.0,223.0,3569.3999999999996,0,3
16.0,301.0,343.0,2304.2175,3,15
4.0,266.0,400.0,3952.23,0,3
2.0,95.0,169.0,3000.96,1,4
6.0,321.0,363.0,3432.24,1,5
7.0,193.0,411.0,1410.2657142857145,1,4
3.0,350.0,401.0,1417.76,0,3
4.0,200.0,244.0,1823.19,1,5
4.0,29.0,237.0,1676.82,0,1
8.0,313.0,370.0,1427.8575,1,7
1.0,198.0,252.0,9952.68,0,1
2.0,29.0,103.0,1271.1,1,6
1.0,177.0,237.0,2311.5,0,2
1.0,366.0,412.0,1034.88,0,1
5.0,294.0,352.0,2615.904,1,5
1.0,180.0,230.0,5957.04,0,2
88.0,372.0,412.0,1085.5227272727273,10,40
6.0,246.0,300.0,15003.840000000002,1,6
3.0,358.0,401.0,4367.8,0,3
3.0,224.0,335.0,1322.28,0,3
2.0,75.0,356.0,698.4,0,1
3.0,357.0,405.0,1530.5600000000002,0,3
2.0,79.0,322.0,655.9499999999999,0,2
5.0,357.0,397.0,2423.016,1,4
5.0,203.0,274.0,1122.336,1,6
1.0,2.0,98.0,129.6,0,2
4.0,187.0,411.0,1836.99,0,3
6.0,225.0,272.0,3000.74,1,7
1.0,151.0,281.0,2821.6800000000003,0,1
2.0,43.0,86.0,1386.93,1,7
2.0,248.0,337.0,2893.56,0,2
1.0,232.0,307.0,2569.68,0,1
5.0,309.0,400.0,3776.7120000000004,1,4
7.0,212.0,266.0,1929.402857142857,2,8
2.0,188.0,397.0,1293.2399999999998,0,2
3.0,289.0,337.0,1638.28,0,3
1.0,119.0,314.0,2964.24,0,1
46.0,353.0,393.0,50432.116956521735,9,36
2.0,208.0,251.0,3454.98,0,3
1.0,144.0,250.0,1978.08,0,1
5.0,337.0,377.0,2658.264,1,4
4.0,219.0,261.0,2323.065,1,5
1.0,114.0,322.0,1310.76,0,1
3.0,309.0,365.0,1167.78,0,3
1.0,112.0,156.0,1027.74,0,2
8.0,307.0,354.0,1932.06,1,7
1.0,14.0,139.0,1302.3,0,2
3.0,288.0,355.0,1852.72,0,3
1.0,14.0,72.0,2066.94,1,4
4.0,250.0,349.0,1791.2250000000001,1,4
22.0,358.0,407.0,3288.6409090909087,4,17
1.0,91.0,371.0,3547.3199999999997,0,0
1.0,102.0,375.0,3987.18,0,0
3.0,34.0,76.0,2927.1200000000003,2,10
7.0,270.0,340.0,3023.88,1,7
15.0,346.0,410.0,13973.144,3,12
1.0,140.0,250.0,870.24,0,1
1.0,14.0,240.0,259.2,0,0
4.0,337.0,401.0,2215.59,0,3
20.0,366.0,412.0,1934.211,4,16
1.0,107.0,190.0,1286.52,0,2
3.0,182.0,251.0,4627.5,1,4
4.0,185.0,361.0,668.4449999999999,0,3
8.0,369.0,412.0,1842.8999999999999,1,6
4.0,50.0,90.0,1561.71,3,12
2.0,206.0,277.0,6283.86,0,3
6.0,306.0,355.0,2887.9600000000005,1,6
16.0,364.0,404.0,1520.145,3,13
8.0,169.0,219.0,1491.0149999999999,2,11
3.0,366.0,407.0,1872.3999999999999,0,3
12.0,343.0,397.0,3181.5849999999996,2,10
3.0,45.0,98.0,1198.56,2,9
10.0,252.0,301.0,2186.982,2,11
2.0,83.0,151.0,3321.24,1,4
10.0,356.0,404.0,1961.8139999999999,2,8
3.0,307.0,370.0,2017.3799999999999,0,3
1.0,105.0,187.0,1178.46,0,2
4.0,248.0,288.0,2838.525,1,5
2.0,121.0,165.0,2105.58,1,4
4.0,361.0,410.0,1882.71,0,3
6.0,275.0,315.0,2389.1,1,6
2.0,165.0,251.0,1047.0,0,3
9.0,331.0,378.0,2289.433333333333,2,8
12.0,352.0,400.0,4095.235,2,10
21.0,355.0,397.0,2193.7599999999998,4,17
2.0,350.0,392.0,3026.2799999999997,0,2
8.0,277.0,355.0,1125.375,1,7
6.0,336.0,377.0,4093.59,1,5
3.0,92.0,322.0,2493.7799999999997,0,2
5.0,361.0,411.0,2018.0400000000002,1,4
7.0,350.0,405.0,1024.362857142857,1,6
4.0,173.0,324.0,1925.67,1,4
4.0,339.0,407.0,1747.275,0,3
1.0,251.0,334.0,3399.84,0,1
11.0,325.0,373.0,3375.4690909090914,2,10
3.0,115.0,298.0,2290.84,0,3
2.0,228.0,271.0,4369.86,0,3
1.0,276.0,373.0,1314.0,0,1
2.0,147.0,215.0,719.61,0,3
7.0,364.0,411.0,2907.7371428571428,1,6
2.0,110.0,166.0,25.920000000000016,1,4
9.0,355.0,396.0,9490.433333333332,1,7
1.0,91.0,362.0,4958.28,0,0
2.0,314.0,411.0,2516.04,0,2
8.0,261.0,351.0,1699.56,1,7
1.0,181.0,347.0,3291.12,0,1
2.0,43.0,362.0,512.13,0,1
1.0,25.0,118.0,955.1999999999999,0,2
1.0,297.0,362.0,1458.3600000000001,0,1
1.0,5.0,54.0,316.8,1,5
1.0,19.0,65.0,2582.28,1,4
3.0,237.0,292.0,1640.1599999999999,1,4
1.0,1.0,103.0,51.42,0,2
8.0,332.0,373.0,1133.6325,1,7
16.0,365.0,405.0,3719.1375,3,13
2.0,258.0,349.0,406.92,0,2
11.0,322.0,408.0,2776.4836363636364,2,9
2.0,130.0,331.0,1259.3700000000001,0,2
3.0,298.0,352.0,1230.64,0,3
6.0,133.0,211.0,2069.85,2,9
10.0,329.0,408.0,1582.848,2,8
1.0,31.0,106.0,1888.08,0,3
1.0,77.0,316.0,4395.3,0,1
2.0,180.0,292.0,2237.88,0,2
1.0,128.0,231.0,1553.88,0,1
3.0,152.0,212.0,1015.8800000000001,1,5
1.0,14.0,233.0,918.48,0,0
3.0,81.0,130.0,1897.68,1,7
11.0,365.0,407.0,1541.1818181818182,2,9
2.0,140.0,375.0,6469.9800000000005,0,2
4.0,343.0,411.0,845.8799999999999,0,3
7.0,223.0,279.0,1724.0914285714284,2,8
2.0,20.0,69.0,109.62,2,8
4.0,112.0,240.0,2387.88,1,5
5.0,305.0,397.0,4814.232,1,4
7.0,273.0,347.0,2544.8142857142852,1,7
3.0,178.0,280.0,6405.079999999999,1,4
15.0,352.0,412.0,4175.728,3,12
1.0,233.0,295.0,2532.96,0,1
4.0,194.0,291.0,4867.62,1,4
2.0,203.0,250.0,1029.9,0,3
6.0,196.0,313.0,3163.69,1,6
1.0,15.0,173.0,2814.84,0,1
1.0,20.0,95.0,2560.08,0,3
2.0,89.0,187.0,2665.77,1,4
3.0,192.0,243.0,2918.9599999999996,1,4
1.0,123.0,187.0,4457.4,0,2
1.0,365.0,411.0,124.56,0,1
11.0,356.0,405.0,10628.192727272726,2,9
3.0,183.0,407.0,1964.2399999999998,0,2
7.0,230.0,272.0,2962.5171428571425,2,8
2.0,100.0,142.0,1371.21,1,5
3.0,357.0,399.0,1055.8999999999999,0,3
4.0,253.0,301.0,2253.33,1,4
8.0,346.0,397.0,1206.8775,1,7
2.0,211.0,327.0,2391.99,0,2
1.0,7.0,72.0,2833.92,1,4
5.0,193.0,250.0,742.2,1,6
1.0,39.0,226.0,871.0799999999999,0,1
1.0,2.0,50.0,3557.3999999999996,1,5
14.0,315.0,361.0,6554.914285714286,3,12
1.0,161.0,404.0,1754.58,0,1
3.0,289.0,335.0,3290.0799999999995,0,3
7.0,348.0,410.0,1339.1742857142856,1,6
8.0,361.0,411.0,1255.365,1,6
9.0,257.0,317.0,2038.746666666667,2,9
1.0,23.0,64.0,5242.08,1,4
2.0,79.0,272.0,1208.25,0,2
6.0,357.0,399.0,3482.58,1,5
4.0,52.0,93.0,364.28999999999996,3,11
145.0,372.0,412.0,7555.02951724138,0,1
1.0,230.0,285.0,2979.96,0,1
3.0,324.0,398.0,2567.8799999999997,0,3
2.0,192.0,316.0,483.17999999999995,0,2
4.0,254.0,363.0,2016.1349999999998,1,4
1.0,39.0,193.0,7006.68,0,1
1.0,171.0,240.0,3428.2799999999997,0,2
1.0,166.0,313.0,10519.44,0,1
4.0,236.0,279.0,1393.2599999999998,1,5
2.0,210.0,321.0,4396.29,0,2
5.0,266.0,314.0,10851.323999999999,1,5
2.0,74.0,169.0,3556.83,1,4
8.0,323.0,391.0,6097.995,1,7
1.0,58.0,169.0,932.76,0,2
6.0,196.0,258.0,1089.9399999999998,1,7
11.0,320.0,405.0,6043.609090909091,2,9
2.0,98.0,284.0,1197.75,0,2
4.0,237.0,335.0,1050.84,1,4
1.0,163.0,210.0,1108.32,0,2
10.0,350.0,399.0,4832.766,2,8
4.0,174.0,222.0,2478.6,1,6
3.0,248.0,355.0,3465.08,0,3
1.0,8.0,82.0,4151.88,0,3
2.0,118.0,264.0,2737.4399999999996,0,3
4.0,269.0,365.0,1264.455,1,4
4.0,258.0,369.0,3359.73,1,4
1.0,161.0,219.0,854.94,0,2
1.0,160.0,397.0,1430.7,0,1
1.0,350.0,404.0,1351.68,0,1
1.0,242.0,319.0,945.3,0,1
3.0,132.0,217.0,1072.48,1,5
1.0,71.0,280.0,2042.76,0,1
2.0,223.0,377.0,3105.48,0,2
27.0,351.0,405.0,1831.8333333333333,5,21
2.0,13.0,64.0,2776.6800000000003,2,8
1.0,320.0,412.0,1923.96,0,1
1.0,133.0,215.0,1182.0,0,2
2.0,214.0,291.0,684.06,0,2
7.0,358.0,405.0,1993.662857142857,1,6
2.0,36.0,86.0,2288.67,1,7
10.0,366.0,408.0,5226.6900000000005,2,8
5.0,287.0,335.0,1615.368,1,5
2.0,197.0,316.0,1494.72,0,2
5.0,208.0,277.0,1179.228,1,6
2.0,360.0,407.0,1830.27,0,2
1.0,197.0,307.0,3037.6800000000003,0,1
3.0,278.0,321.0,1430.96,0,3
1.0,110.0,405.0,14041.799999999997,0,0
9.0,325.0,368.0,1845.2333333333331,2,8
7.0,338.0,392.0,4071.694285714286,1,6
2.0,107.0,218.0,1710.51,0,3
6.0,326.0,408.0,744.84,1,5
41.0,359.0,407.0,3879.8356097560977,7,31
14.0,343.0,401.0,4023.8228571428576,2,11
2.0,106.0,296.0,1014.7199999999998,0,2
15.0,329.0,377.0,2519.2799999999997,3,13
3.0,303.0,407.0,779.66,0,2
1.0,46.0,110.0,3481.56,0,3
2.0,127.0,189.0,4206.719999999999,1,4
2.0,277.0,320.0,1978.1999999999998,0,2
1.0,28.0,79.0,1109.7,1,4
1.0,40.0,354.0,2970.72,0,0
7.0,287.0,351.0,2163.925714285714,1,6
6.0,294.0,373.0,1579.8799999999999,1,5
1.0,1.0,48.0,137.76,1,5
31.0,369.0,411.0,11449.401290322581,6,24
3.0,288.0,398.0,2156.0,0,3
5.0,254.0,330.0,3916.8720000000003,1,5
1.0,204.0,321.0,7443.84,0,1
1.0,210.0,295.0,2602.62,0,1
1.0,182.0,314.0,3260.34,0,1
2.0,177.0,225.0,2540.16,0,3
25.0,361.0,407.0,3037.2695999999996,5,20
3.0,153.0,404.0,2077.02,0,2
4.0,186.0,247.0,496.125,1,5
2.0,46.0,106.0,1144.53,1,6
5.0,118.0,167.0,1988.8199999999997,2,9
1.0,68.0,322.0,1115.76,0,1
8.0,354.0,411.0,3925.71,1,6
3.0,100.0,242.0,1644.0,1,4
4.0,43.0,412.0,861.84,0,0
2.0,351.0,398.0,863.6999999999999,0,2
1.0,55.0,125.0,3414.0,0,3
2.0,116.0,321.0,2603.1,0,2
4.0,116.0,173.0,3662.8499999999995,1,7
6.0,252.0,308.0,1380.04,1,6
6.0,61.0,411.0,182.60999999999999,0,0
4.0,86.0,266.0,2281.8149999999996,1,4
6.0,295.0,357.0,1105.77,1,6
2.0,343.0,411.0,5302.92,0,2
2.0,45.0,93.0,4968.599999999999,1,6
9.0,271.0,340.0,2309.76,2,8
3.0,187.0,243.0,2413.8799999999997,1,4
4.0,201.0,254.0,2574.09,1,5
1.0,238.0,327.0,1348.2,0,1
5.0,212.0,336.0,2016.1439999999998,1,5
1.0,199.0,245.0,9372.48,0,2
1.0,169.0,230.0,781.68,0,2
17.0,245.0,309.0,3553.958823529412,4,17
7.0,159.0,258.0,1111.5771428571427,2,8
9.0,241.0,330.0,2850.46,2,9
4.0,244.0,301.0,1377.36,1,4
2.0,174.0,340.0,2698.8599999999997,0,2
7.0,226.0,279.0,1515.7714285714285,2,8
3.0,94.0,135.0,1934.6599999999999,1,7
1.0,97.0,375.0,474.96000000000004,0,0
6.0,212.0,303.0,2633.72,1,6
13.0,304.0,351.0,3925.126153846154,3,12
3.0,244.0,287.0,2136.98,1,4
2.0,127.0,330.0,1990.2599999999998,0,2
10.0,252.0,308.0,3985.416,2,10
14.0,178.0,226.0,2328.7157142857145,4,18
2.0,32.0,72.0,2669.9399999999996,2,8
4.0,355.0,397.0,1633.23,0,3
22.0,360.0,400.0,6303.179999999999,4,18
1.0,174.0,231.0,1242.6,0,2
2.0,271.0,378.0,2777.2200000000003,0,2
4.0,228.0,275.0,2654.49,1,5
6.0,346.0,403.0,3046.85,1,5
4.0,299.0,404.0,1422.555,0,3
1.0,114.0,307.0,2094.12,0,1
1.0,161.0,229.0,1426.2,0,2
1.0,154.0,207.0,1509.84,0,2
15.0,211.0,251.0,2342.976,4,18
45.0,331.0,371.0,2835.096,9,37
2.0,246.0,404.0,3030.0599999999995,0,2
21.0,365.0,407.0,2812.96,4,17
4.0,350.0,397.0,209.0249999999999,0,3
1.0,32.0,163.0,714.24,0,2
3.0,249.0,347.0,2528.68,0,3
9.0,169.0,286.0,577.2800000000001,2,9
5.0,286.0,350.0,2684.112,1,5
2.0,42.0,166.0,717.21,1,4
3.0,265.0,314.0,1111.68,0,3
5.0,352.0,392.0,1329.84,1,4
1.0,305.0,404.0,4237.86,0,1
1.0,11.0,368.0,98.57999999999998,0,0
7.0,241.0,281.0,1359.7714285714285,2,8
4.0,273.0,356.0,1338.345,1,4
8.0,308.0,357.0,5371.724999999999,1,7
6.0,229.0,319.0,1995.93,1,6
1.0,3.0,408.0,3341.04,0,0
1.0,24.0,288.0,3769.92,0,0
1.0,4.0,401.0,2576.16,0,0
3.0,281.0,356.0,2494.2000000000003,0,3
4.0,228.0,333.0,5127.254999999999,1,4
1.0,1.0,279.0,492.48,0,0
1.0,27.0,179.0,2509.9199999999996,0,1
9.0,156.0,412.0,1998.62,0,0
3.0,226.0,266.0,1310.6,1,4
4.0,155.0,223.0,1568.94,1,6
2.0,68.0,117.0,1256.07,1,5
6.0,327.0,410.0,2339.77,1,5
8.0,217.0,322.0,1394.085,2,8
1.0,183.0,287.0,2767.56,0,1
2.0,127.0,300.0,5247.72,0,2
1.0,120.0,397.0,2721.12,0,0
13.0,225.0,295.0,3609.3923076923074,3,13
13.0,232.0,280.0,4776.3553846153845,3,14
1.0,147.0,222.0,3654.0,0,2
3.0,153.0,208.0,2053.4599999999996,1,5
1.0,49.0,256.0,2548.62,0,1
6.0,272.0,411.0,1880.1000000000001,1,5
1.0,84.0,274.0,6586.32,0,1
4.0,160.0,221.0,1414.08,1,6
5.0,295.0,349.0,2684.064,1,5
15.0,358.0,404.0,1312.756,3,12
1.0,29.0,125.0,3506.1,0,2
1.0,14.0,57.0,2763.0,1,5
1.0,11.0,404.0,2409.7799999999997,0,0
11.0,275.0,372.0,1100.6072727272729,2,9
2.0,48.0,109.0,599.4300000000001,1,6
4.0,322.0,404.0,4436.73,0,3
3.0,220.0,288.0,1550.28,1,4
18.0,355.0,398.0,3496.1766666666667,3,15
16.0,348.0,412.0,2213.595,3,12
8.0,282.0,365.0,2500.305,1,7
3.0,53.0,102.0,1119.28,2,8
11.0,364.0,405.0,2547.6763636363635,2,9
7.0,305.0,411.0,2313.6,1,6
11.0,318.0,407.0,3284.323636363636,2,9
9.0,308.0,407.0,512.9533333333334,1,7
2.0,84.0,187.0,3440.46,1,4
90.0,373.0,412.0,5442.096,10,42
3.0,279.0,393.0,1755.92,0,3
2.0,52.0,155.0,1324.8,1,4
2.0,242.0,330.0,6182.400000000001,0,2
4.0,330.0,404.0,2121.465,0,3
1.0,28.0,99.0,3281.28,0,3
1.0,3.0,408.0,522.0,0,0
2.0,17.0,212.0,984.75,0,2
1.0,252.0,357.0,2489.7,0,1
4.0,74.0,113.0,347.67,2,10
1.0,29.0,226.0,894.9,0,1
6.0,357.0,408.0,2212.31,1,5
1.0,24.0,92.0,1249.92,0,3
9.0,337.0,407.0,2412.6533333333336,1,7
21.0,361.0,404.0,3008.2228571428573,4,17
1.0,159.0,293.0,4821.84,0,1
4.0,290.0,354.0,2326.5299999999997,1,4
1.0,283.0,397.0,4121.4,0,1
3.0,218.0,314.0,3051.4,0,3
7.0,292.0,371.0,2577.9085714285716,1,6
11.0,363.0,410.0,1415.7272727272727,2,9
2.0,182.0,261.0,2402.16,0,3
7.0,189.0,397.0,2538.2914285714287,1,4
4.0,357.0,404.0,3007.8900000000003,0,3
1.0,55.0,307.0,2604.96,0,1
6.0,281.0,334.0,6789.57,1,6
2.0,203.0,411.0,2665.2,0,2
4.0,356.0,399.0,2441.85,0,3
1.0,265.0,320.0,893.76,0,1
3.0,349.0,397.0,4415.12,0,3
2.0,62.0,117.0,2923.08,1,5
2.0,78.0,118.0,2119.38,1,5
5.0,186.0,317.0,531.7439999999999,1,5
1.0,48.0,235.0,1540.5,0,1
3.0,283.0,340.0,482.52000000000004,0,3
3.0,272.0,344.0,2463.92,0,3
7.0,177.0,300.0,3633.66,1,7
4.0,156.0,221.0,2467.215,1,6
2.0,233.0,281.0,3064.3199999999997,0,3
4.0,218.0,321.0,5391.555,1,4
2.0,252.0,349.0,2718.8399999999997,0,2
4.0,350.0,408.0,2112.69,0,3
1.0,14.0,86.0,9229.5,0,3
1.0,49.0,114.0,1280.4,0,3
2.0,188.0,306.0,188.2199999999999,0,2
4.0,192.0,239.0,1430.985,1,5
2.0,222.0,273.0,2627.58,0,3
2.0,154.0,247.0,1069.65,0,3
7.0,319.0,359.0,3288.3942857142856,1,6
1.0,31.0,79.0,8923.68,1,4
4.0,235.0,300.0,1297.8600000000001,1,4
2.0,235.0,303.0,1208.3999999999999,0,2
6.0,186.0,226.0,1648.5600000000002,2,8
1.0,76.0,398.0,1692.96,0,0
2.0,93.0,226.0,537.84,0,3
18.0,350.0,408.0,2950.3366666666666,3,14
2.0,143.0,191.0,927.4200000000001,1,4
3.0,325.0,399.0,1214.86,0,3
3.0,77.0,159.0,552.88,1,6
3.0,46.0,99.0,2252.7999999999997,2,8
1.0,16.0,95.0,5097.96,0,3
9.0,343.0,397.0,5384.926666666666,1,7
1.0,105.0,305.0,991.8,0,1
4.0,77.0,117.0,3994.56,2,10
2.0,343.0,412.0,6734.1,0,2
3.0,189.0,250.0,2051.0,1,4
5.0,140.0,274.0,3432.3,1,5
1.0,46.0,113.0,1427.76,0,3
3.0,238.0,309.0,3983.02,0,3
1.0,100.0,160.0,1424.58,0,2
2.0,302.0,358.0,1198.1399999999999,0,2
22.0,366.0,405.0,4412.446363636364,4,17
3.0,73.0,120.0,2005.6000000000001,2,7
12.0,354.0,408.0,3323.795,2,10
6.0,103.0,194.0,3533.22,2,9
2.0,116.0,177.0,3194.64,1,4
3.0,46.0,274.0,1905.22,0,2
4.0,74.0,124.0,1464.0,2,9
1.0,204.0,398.0,164.16,0,1
17.0,342.0,412.0,6906.441176470588,3,13
7.0,352.0,403.0,3037.054285714286,1,6
1.0,2.0,85.0,71.82000000000001,0,3
8.0,268.0,371.0,1594.89,1,7
8.0,218.0,293.0,2175.9225,2,9
1.0,55.0,126.0,1152.6599999999999,0,3
2.0,371.0,412.0,2062.56,0,2
8.0,336.0,393.0,2205.165,1,7
10.0,344.0,405.0,3047.232,2,8
3.0,225.0,285.0,2624.8199999999997,1,4
1.0,22.0,69.0,4024.68,1,4
3.0,333.0,397.0,3208.08,0,3
2.0,70.0,128.0,1232.1,1,5
4.0,192.0,404.0,979.515,0,3
10.0,364.0,411.0,2644.848,2,8
1.0,317.0,410.0,1305.24,0,1
11.0,355.0,401.0,3159.2727272727275,2,9
3.0,239.0,355.0,1972.8,0,3
3.0,297.0,340.0,1209.96,0,3
15.0,357.0,408.0,2523.08,3,12
3.0,204.0,254.0,1263.52,1,4
4.0,350.0,397.0,2179.6499999999996,0,3
1.0,20.0,109.0,699.72,0,3
2.0,71.0,112.0,2196.3900000000003,1,6
3.0,229.0,371.0,3003.2000000000003,0,3
11.0,362.0,408.0,2709.8345454545456,2,9
3.0,67.0,117.0,1239.08,2,8
4.0,274.0,317.0,4369.92,1,4
1.0,54.0,124.0,1632.84,0,3
2.0,195.0,411.0,1353.78,0,2
1.0,154.0,344.0,1900.0800000000002,0,1
1.0,245.0,352.0,1235.16,0,1
11.0,246.0,405.0,2377.4454545454546,1,7
2.0,196.0,259.0,1573.9199999999998,0,3
3.0,139.0,201.0,1570.8799999999999,1,5
3.0,301.0,390.0,1570.5599999999997,0,3
2.0,58.0,349.0,1126.26,0,1
5.0,219.0,273.0,2488.428,1,6
8.0,265.0,404.0,975.3149999999999,1,6
1.0,178.0,243.0,2597.7599999999998,0,2
16.0,361.0,411.0,3099.37125,3,13
11.0,360.0,407.0,748.0745454545454,2,9
4.0,337.0,412.0,2079.75,0,3
10.0,267.0,363.0,1755.1080000000002,2,9
2.0,92.0,159.0,3351.06,1,4
13.0,325.0,373.0,934.2276923076923,2,11
1.0,25.0,100.0,1040.1000000000001,0,3
19.0,349.0,398.0,4052.5705263157893,3,15
3.0,104.0,175.0,1450.0,1,5
5.0,308.0,397.0,1825.0439999999999,1,4
3.0,17.0,60.0,1646.5199999999998,3,12
11.0,279.0,321.0,1997.9836363636364,2,11
3.0,140.0,295.0,1119.3999999999999,0,3
6.0,135.0,274.0,1120.2,1,6
1.0,255.0,368.0,3273.84,0,1
9.0,362.0,405.0,2348.64,1,7
2.0,159.0,243.0,3252.84,0,3
9.0,259.0,313.0,2538.1533333333336,2,9
1.0,193.0,321.0,3469.68,0,1
14.0,368.0,411.0,7170.702857142857,2,11
3.0,254.0,398.0,4372.12,0,2
4.0,103.0,321.0,642.8100000000001,0,3
2.0,95.0,300.0,2383.2,0,2
3.0,215.0,411.0,650.36,0,2
3.0,63.0,306.0,783.2599999999999,0,2
1.0,224.0,299.0,3475.56,0,1
1.0,23.0,154.0,6912.0,0,2
1.0,17.0,65.0,2716.2,1,4
3.0,239.0,323.0,1398.4599999999998,0,3
6.0,182.0,411.0,901.68,0,3
7.0,340.0,404.0,1592.1685714285716,1,6
1.0,21.0,377.0,1611.3599999999997,0,0
1.0,309.0,398.0,3205.8599999999997,0,1
1.0,75.0,282.0,6353.639999999999,0,1
4.0,223.0,302.0,994.155,1,4
8.0,252.0,309.0,2365.2599999999998,2,8
3.0,239.0,366.0,5284.24,0,3
5.0,181.0,293.0,2306.5919999999996,1,5
2.0,199.0,319.0,1163.76,0,2
4.0,274.0,322.0,5037.164999999999,1,4
3.0,158.0,221.0,1672.38,1,5
2.0,357.0,405.0,3546.12,0,2
4.0,262.0,319.0,1245.75,1,4
9.0,322.0,369.0,2421.8399999999997,2,8
1.0,242.0,400.0,1248.0,0,1
1.0,96.0,139.0,1069.92,0,3
14.0,372.0,411.0,3621.042857142857,2,11
11.0,293.0,365.0,1621.6472727272726,2,10
3.0,108.0,149.0,1895.9800000000002,1,6
2.0,75.0,254.0,5622.299999999999,0,2
6.0,57.0,155.0,762.23,2,8
3.0,51.0,125.0,2153.1,1,7
8.0,329.0,408.0,3096.5474999999997,1,6
4.0,278.0,326.0,1602.48,1,4
2.0,223.0,405.0,728.5799999999999,0,2
1.0,66.0,116.0,1645.32,0,3
3.0,224.0,408.0,1581.5600000000002,0,2
13.0,305.0,376.0,2943.7707692307695,2,11
3.0,255.0,329.0,5135.48,0,3
2.0,83.0,323.0,450.42,0,2
6.0,343.0,398.0,5038.0199999999995,1,5
3.0,141.0,245.0,1772.4399999999998,1,4
1.0,160.0,411.0,1297.4399999999998,0,1
1.0,86.0,239.0,6303.84,0,1
8.0,228.0,281.0,669.2249999999999,2,9
17.0,354.0,411.0,2176.863529411765,3,13
3.0,168.0,223.0,1276.38,1,5
5.0,228.0,275.0,1274.568,1,6
2.0,160.0,211.0,3035.5199999999995,0,3
7.0,364.0,405.0,2501.1257142857144,1,6
6.0,333.0,411.0,3278.42,1,5
3.0,196.0,285.0,1005.84,1,4
7.0,293.0,333.0,2375.434285714285,1,7
3.0,188.0,288.0,1132.08,1,3
1.0,152.0,256.0,3761.76,0,1
2.0,140.0,397.0,645.1199999999999,0,1
1.0,12.0,116.0,2225.52,0,2
2.0,46.0,116.0,2180.25,1,5
6.0,195.0,315.0,2938.33,1,6
3.0,110.0,264.0,628.7199999999999,1,3
23.0,364.0,410.0,18669.819130434782,4,18
3.0,120.0,400.0,1812.5400000000002,0,2
2.0,174.0,396.0,1235.94,0,2
3.0,280.0,344.0,692.32,0,3
3.0,80.0,128.0,2640.18,1,7
6.0,266.0,334.0,1902.91,1,6
3.0,71.0,153.0,4625.5,1,6
1.0,35.0,100.0,3783.0,0,3
2.0,161.0,243.0,1581.87,0,3
3.0,259.0,307.0,1777.76,0,3
9.0,301.0,341.0,2139.5466666666666,2,9
3.0,206.0,358.0,6057.599999999999,0,3
2.0,259.0,373.0,2345.7,0,2
1.0,139.0,285.0,3772.2,0,1
3.0,63.0,148.0,2503.56,1,6
17.0,198.0,237.0,1622.195294117647,5,22
15.0,341.0,403.0,2810.472,3,12
2.0,230.0,315.0,2010.9,0,2
1.0,27.0,116.0,2223.84,0,2
3.0,63.0,408.0,7470.860000000001,0,0
5.0,267.0,341.0,332.61600000000004,1,5
5.0,218.0,335.0,1274.724,1,5
8.0,348.0,404.0,1951.3725,1,6
4.0,210.0,356.0,3224.34,1,4
1.0,32.0,278.0,4426.08,0,0
4.0,47.0,89.0,1497.1799999999998,3,12
4.0,196.0,298.0,3474.6,1,4
3.0,227.0,315.0,3502.1999999999994,0,3
1.0,17.0,100.0,2626.14,0,3
1.0,356.0,398.0,3694.3199999999997,0,1
2.0,159.0,249.0,3854.22,0,3
16.0,299.0,411.0,752.16,2,11
1.0,41.0,179.0,2589.36,0,1
2.0,266.0,363.0,2043.12,0,2
4.0,302.0,411.0,4373.594999999999,0,3
3.0,286.0,369.0,1806.5599999999997,0,3
15.0,361.0,411.0,18086.175999999996,3,12
4.0,123.0,187.0,1496.97,1,7
2.0,114.0,211.0,432.9,0,3
5.0,274.0,377.0,1458.7679999999998,1,4
9.0,320.0,376.0,3086.0466666666666,2,8
1.0,250.0,327.0,1731.12,0,1
1.0,149.0,207.0,995.28,0,2
1.0,11.0,236.0,476.40000000000003,0,0
9.0,357.0,400.0,2528.9533333333334,1,7
4.0,127.0,302.0,1280.37,1,4
20.0,361.0,404.0,6057.096,4,16
3.0,274.0,328.0,1721.22,0,3
7.0,328.0,407.0,1036.1485714285714,1,6
5.0,255.0,306.0,3783.648,1,5
3.0,365.0,412.0,1324.04,0,2
1.0,167.0,231.0,494.52,0,2
6.0,294.0,355.0,2114.6,1,6
2.0,173.0,252.0,2408.88,0,3
14.0,364.0,408.0,2182.9885714285715,2,11
6.0,221.0,323.0,5178.570000000001,1,6
1.0,16.0,56.0,1646.58,1,5
2.0,52.0,403.0,1342.41,0,1
1.0,170.0,407.0,1204.32,0,1
1.0,31.0,72.0,2095.92,1,4
2.0,217.0,348.0,1510.08,0,2
1.0,213.0,408.0,1235.28,0,1
1.0,116.0,408.0,885.8399999999999,0,0
4.0,367.0,407.0,1789.635,0,3
2.0,138.0,193.0,1051.77,1,4
7.0,286.0,334.0,5881.199999999999,1,7
4.0,236.0,294.0,2397.255,1,5
2.0,207.0,249.0,2970.69,0,3
7.0,316.0,355.0,1283.6399999999999,1,6
1.0,55.0,272.0,1021.62,0,1
6.0,350.0,405.0,1765.5900000000001,1,5
1.0,81.0,310.0,1593.6,0,1
1.0,349.0,407.0,3062.04,0,1
10.0,285.0,328.0,1781.8380000000002,2,10
2.0,65.0,125.0,2887.02,1,5
1.0,2.0,280.0,896.04,0,0
4.0,211.0,362.0,684.12,1,4
14.0,242.0,370.0,3173.944285714286,2,9
1.0,35.0,82.0,2580.0,1,4
1.0,55.0,110.0,1059.12,0,3
4.0,358.0,398.0,2648.7,0,3
2.0,284.0,324.0,1221.3,0,2
3.0,192.0,264.0,1586.0800000000002,1,4
7.0,354.0,408.0,1688.76,1,6
10.0,348.0,411.0,3168.138,2,8
1.0,26.0,84.0,1582.68,1,4
1.0,11.0,67.0,1248.3600000000001,1,4
1.0,295.0,357.0,2032.86,0,1
3.0,183.0,224.0,757.48,1,5
10.0,294.0,350.0,2852.832,2,9
7.0,249.0,327.0,3153.9942857142855,1,7
1.0,55.0,259.0,1832.6399999999999,0,1
1.0,22.0,78.0,5804.4,1,4
1.0,166.0,293.0,13597.56,0,1
7.0,287.0,350.0,3720.0171428571425,1,7
3.0,351.0,412.0,2859.6200000000003,0,2
9.0,366.0,407.0,2485.3599999999997,1,7
2.0,113.0,275.0,572.7,0,2
5.0,356.0,407.0,2220.192,1,4
1.0,243.0,326.0,3244.2,0,1
5.0,36.0,83.0,2442.732,3,15
5.0,278.0,405.0,1296.132,1,4
4.0,326.0,401.0,4605.63,0,3
3.0,330.0,398.0,4298.24,0,3
2.0,258.0,309.0,1815.78,0,2
3.0,168.0,254.0,3686.36,1,4
2.0,181.0,243.0,1409.6399999999999,0,3
3.0,137.0,198.0,1466.5199999999998,1,5
2.0,117.0,401.0,1234.17,0,1
15.0,358.0,405.0,1728.824,3,12
2.0,120.0,194.0,4356.51,1,4
31.0,368.0,410.0,8643.20129032258,6,24
3.0,256.0,330.0,1078.62,0,3
2.0,46.0,88.0,1622.79,1,7
6.0,363.0,405.0,1533.72,1,5
1.0,141.0,219.0,2049.24,0,2
9.0,363.0,403.0,2977.726666666667,1,7
1.0,49.0,104.0,2756.52,0,3
2.0,220.0,305.0,2247.09,0,2
6.0,211.0,341.0,734.85,1,5
44.0,335.0,412.0,8923.29,3,13
1.0,155.0,286.0,2017.98,0,1
17.0,364.0,408.0,4181.530588235293,3,13
2.0,136.0,371.0,1178.1,0,2
1.0,176.0,302.0,4732.74,0,1
2.0,89.0,397.0,2300.76,0,1
3.0,194.0,240.0,379.72,1,4
2.0,203.0,307.0,3694.71,0,2
1.0,111.0,180.0,3564.0000000000005,0,2
5.0,350.0,411.0,1944.816,1,4
3.0,280.0,356.0,1288.62,0,3
3.0,171.0,329.0,1869.72,0,3
2.0,35.0,114.0,2586.7799999999997,1,5
1.0,90.0,161.0,3223.14,0,2
6.0,280.0,323.0,2013.3,1,6
4.0,262.0,366.0,2481.465,1,4
3.0,355.0,403.0,2502.8799999999997,0,3
4.0,108.0,163.0,2502.2250000000004,2,8
1.0,10.0,71.0,1377.12,1,4
8.0,205.0,247.0,1937.9925,2,10
2.0,24.0,79.0,3497.88,1,7
2.0,193.0,313.0,192.6,0,2
4.0,310.0,405.0,5496.794999999999,0,3
1.0,260.0,399.0,8128.08,0,1
4.0,297.0,359.0,1661.325,1,4
4.0,229.0,327.0,1745.01,1,4
1.0,44.0,237.0,1310.3999999999999,0,1
4.0,156.0,293.0,972.27,1,4
4.0,326.0,376.0,2211.54,1,4
6.0,286.0,412.0,2176.94,1,5
2.0,175.0,264.0,1717.56,0,3
2.0,86.0,167.0,4155.72,1,4
5.0,226.0,272.0,2031.2400000000002,1,6
6.0,166.0,222.0,3693.78,2,8
1.0,90.0,347.0,2467.44,0,1
2.0,266.0,350.0,3849.42,0,2
3.0,195.0,377.0,345.84,0,3
7.0,283.0,331.0,1812.857142857143,1,7
1.0,64.0,111.0,944.6399999999999,0,3
1.0,158.0,254.0,4807.5599999999995,0,1
3.0,293.0,405.0,1603.9599999999998,0,2
3.0,267.0,335.0,14915.88,0,3
4.0,265.0,321.0,3093.7799999999997,1,4
3.0,188.0,278.0,6777.04,1,4
40.0,315.0,357.0,2901.0989999999997,8,34
2.0,338.0,398.0,1327.59,0,2
2.0,218.0,316.0,2282.28,0,2
2.0,188.0,245.0,2055.42,0,3
2.0,319.0,410.0,2407.1099999999997,0,2
6.0,366.0,408.0,2852.74,1,5
17.0,351.0,398.0,1680.1129411764705,3,14
2.0,75.0,271.0,1445.88,0,2
1.0,138.0,181.0,970.56,0,2
9.0,334.0,411.0,1394.88,1,7
4.0,305.0,393.0,3339.6,0,3
12.0,302.0,349.0,1880.58,2,11
3.0,57.0,111.0,1316.54,2,8
3.0,21.0,124.0,573.12,1,6
19.0,367.0,407.0,2282.835789473684,3,15
3.0,25.0,81.0,1540.6000000000001,2,9
25.0,359.0,408.0,1160.5584,5,20
3.0,67.0,114.0,3422.44,2,8
6.0,198.0,287.0,2165.96,1,7
3.0,146.0,280.0,2603.84,0,3
5.0,83.0,137.0,1621.3439999999998,2,10
2.0,25.0,190.0,2853.0,0,2
3.0,146.0,279.0,2114.92,1,3
8.0,152.0,291.0,10180.0575,1,7
3.0,222.0,333.0,16041.800000000001,0,3
6.0,147.0,250.0,1393.49,1,7
1.0,216.0,271.0,1614.24,0,1
10.0,350.0,411.0,3057.8999999999996,2,8
12.0,253.0,323.0,4266.87,3,12
3.0,198.0,281.0,2297.54,1,4
1.0,70.0,124.0,589.3199999999999,0,3
18.0,358.0,399.0,1975.006666666667,3,15
1.0,160.0,203.0,4398.78,0,2
4.0,106.0,148.0,3151.245,2,8
4.0,314.0,411.0,867.78,0,3
3.0,149.0,218.0,1795.3400000000001,1,5
3.0,273.0,366.0,1039.24,0,3
1.0,245.0,328.0,1381.74,0,1
4.0,158.0,285.0,4055.0099999999998,1,4
16.0,372.0,412.0,9637.515,3,13
2.0,264.0,322.0,758.94,0,2
2.0,99.0,308.0,2154.36,0,2
3.0,47.0,321.0,211.05999999999995,0,1
6.0,344.0,412.0,3574.42,1,5
1.0,239.0,314.0,4564.32,0,1
3.0,192.0,288.0,3121.8199999999997,1,4
3.0,233.0,316.0,1879.86,0,3
2.0,32.0,274.0,517.3199999999999,0,1
1.0,125.0,251.0,5410.44,0,1
1.0,31.0,259.0,2208.6,0,1
3.0,183.0,254.0,1706.64,1,4
4.0,295.0,405.0,570.24,0,3
5.0,292.0,371.0,1243.728,1,4
2.0,133.0,228.0,103.79999999999995,0,3
4.0,69.0,116.0,3874.9199999999996,2,10
11.0,360.0,408.0,1757.8145454545454,2,9
6.0,269.0,316.0,4683.0199999999995,1,6
1.0,21.0,93.0,1609.98,0,3
1.0,161.0,411.0,3868.2,0,1
4.0,233.0,295.0,1865.8649999999998,1,5
4.0,187.0,278.0,2042.6399999999999,1,5
1.0,112.0,412.0,1355.28,0,0
2.0,224.0,294.0,8162.73,0,2
9.0,349.0,404.0,2060.58,1,7
4.0,174.0,258.0,8647.68,1,5
3.0,229.0,285.0,1359.12,1,4
9.0,355.0,403.0,4223.88,1,7
5.0,133.0,245.0,1001.5559999999999,1,6
4.0,356.0,397.0,2678.715,0,3
3.0,312.0,372.0,4176.98,0,3
4.0,203.0,247.0,2602.035,1,5
1.0,19.0,89.0,3526.5,0,3
6.0,261.0,308.0,2128.8399999999997,1,6
3.0,55.0,103.0,2690.5400000000004,2,8
2.0,164.0,225.0,2005.56,0,3
3.0,308.0,372.0,12385.38,0,3
4.0,124.0,376.0,745.44,0,2
3.0,224.0,300.0,6300.0,0,3
2.0,149.0,279.0,1461.6599999999999,0,2
1.0,32.0,88.0,1781.76,1,3
1.0,46.0,88.0,885.24,1,4
9.0,294.0,397.0,2255.3066666666664,1,7
2.0,178.0,336.0,3198.7200000000003,0,2
1.0,41.0,252.0,1540.2,0,1
2.0,251.0,362.0,592.92,0,2
1.0,35.0,75.0,945.18,1,4
1.0,49.0,216.0,2176.38,0,1
4.0,201.0,284.0,662.82,1,5
12.0,329.0,373.0,1946.695,2,10
5.0,355.0,408.0,5492.34,1,4
2.0,95.0,151.0,801.78,1,4
6.0,277.0,344.0,2019.6899999999998,1,6
12.0,302.0,348.0,17753.579999999998,2,11
4.0,177.0,240.0,2412.225,1,5
3.0,104.0,218.0,513.6,1,4
1.0,25.0,75.0,3676.86,1,4
5.0,208.0,279.0,1682.568,1,6
4.0,344.0,404.0,2315.7599999999998,0,3
1.0,20.0,76.0,2401.56,1,4
19.0,366.0,408.0,2824.285263157895,3,15
1.0,10.0,112.0,246.24,0,2
2.0,80.0,316.0,449.13,0,2
2.0,180.0,252.0,2160.24,0,3
4.0,183.0,223.0,3240.8999999999996,1,6
10.0,324.0,370.0,1135.566,2,9
5.0,84.0,127.0,5311.476000000001,2,11
3.0,62.0,110.0,1552.68,2,8
4.0,59.0,130.0,711.615,2,9
1.0,126.0,176.0,2980.2,0,2
6.0,342.0,398.0,1619.24,1,5
1.0,325.0,401.0,5267.4,0,1
1.0,26.0,67.0,1618.3200000000002,1,4
2.0,178.0,235.0,4977.18,0,3
3.0,143.0,264.0,2889.9199999999996,1,4
1.0,196.0,301.0,2628.9,0,1
1.0,9.0,56.0,856.2,1,5
2.0,63.0,349.0,907.89,0,1
4.0,74.0,117.0,3431.31,2,10
1.0,194.0,307.0,2976.36,0,1
1.0,174.0,302.0,1454.6399999999999,0,1
2.0,306.0,405.0,1690.5900000000001,0,2
1.0,225.0,292.0,2126.22,0,1
4.0,230.0,322.0,2578.5299999999997,1,4
12.0,367.0,408.0,1905.63,2,10
8.0,239.0,328.0,1140.105,2,8
4.0,270.0,369.0,2461.77,1,4
3.0,109.0,292.0,1275.04,0,3
1.0,216.0,274.0,1908.36,0,1
16.0,326.0,366.0,1856.13375,3,14
1.0,105.0,408.0,729.3599999999999,0,0
1.0,8.0,349.0,1329.6,0,0
8.0,300.0,351.0,1933.1999999999998,1,7
4.0,281.0,356.0,3645.585,1,4
1.0,350.0,408.0,690.36,0,1
1.0,259.0,319.0,625.08,0,1
3.0,30.0,95.0,1917.54,2,8
2.0,182.0,265.0,2194.89,0,3
5.0,199.0,350.0,1172.964,1,4
66.0,352.0,408.0,4046.933636363636,4,18
1.0,146.0,376.0,1109.4,0,1
6.0,274.0,315.0,2185.03,1,6
1.0,21.0,323.0,1089.84,0,0
1.0,84.0,336.0,2483.7,0,1
6.0,270.0,338.0,1549.89,1,6
4.0,77.0,121.0,1232.175,2,10
4.0,207.0,253.0,6985.275,1,5
1.0,224.0,330.0,1410.54,0,1
2.0,359.0,399.0,1929.6299999999999,0,2
3.0,218.0,303.0,1482.0,0,3
2.0,90.0,319.0,1069.8,0,2
2.0,196.0,279.0,28.62,0,3
5.0,308.0,410.0,2422.1760000000004,1,4
4.0,274.0,412.0,2847.06,0,3
17.0,358.0,399.0,1606.9976470588235,3,14
2.0,53.0,120.0,2306.13,1,5
3.0,219.0,322.0,187.67999999999998,0,3
5.0,183.0,243.0,1768.2599999999998,1,7
2.0,123.0,181.0,3860.7299999999996,1,4
6.0,259.0,331.0,2062.08,1,6
2.0,223.0,285.0,1548.78,0,3
3.0,307.0,397.0,1511.12,0,3
3.0,172.0,375.0,457.78000000000003,0,2
6.0,138.0,184.0,2013.32,2,10
3.0,185.0,312.0,647.88,0,3
6.0,308.0,410.0,3138.6699999999996,1,5
2.0,40.0,104.0,531.36,1,6
2.0,17.0,229.0,388.62,0,1
3.0,115.0,187.0,759.4,1,5
5.0,257.0,368.0,1995.5279999999998,1,4
1.0,273.0,315.0,3630.6,0,1
3.0,308.0,355.0,2283.56,0,3
4.0,284.0,372.0,5570.115,1,4
2.0,5.0,404.0,1397.58,0,0
4.0,326.0,369.0,489.45,1,4
4.0,254.0,399.0,1934.58,0,3
1.0,21.0,79.0,291.6,1,4
2.0,245.0,305.0,2527.8,0,2
3.0,39.0,82.0,2117.32,2,10
4.0,259.0,350.0,2711.025,1,4
2.0,223.0,323.0,1204.1399999999999,0,2
1.0,340.0,404.0,923.4,0,1
2.0,179.0,404.0,2948.55,0,2
23.0,314.0,354.0,3086.5095652173914,5,21
27.0,364.0,405.0,3527.422222222222,5,21
6.0,338.0,399.0,1593.84,1,5
2.0,321.0,377.0,20044.8,0,2
3.0,49.0,107.0,1797.5200000000002,2,8
3.0,371.0,412.0,2614.56,0,2
1.0,82.0,411.0,4051.9199999999996,0,0
7.0,324.0,373.0,4782.599999999999,1,6
5.0,260.0,407.0,2856.144,1,4
2.0,241.0,375.0,2538.3599999999997,0,2
1.0,131.0,412.0,2363.28,0,0
7.0,203.0,405.0,6724.388571428572,1,4
5.0,328.0,370.0,1073.292,1,4
1.0,74.0,148.0,1110.24,0,2
6.0,294.0,399.0,4151.169999999999,1,5
1.0,113.0,176.0,1499.76,0,2
22.0,366.0,405.0,2900.1272727272726,4,17
2.0,337.0,397.0,2009.3999999999999,0,2
1.0,54.0,98.0,2041.5,0,3
5.0,277.0,331.0,861.8879999999999,1,5
1.0,142.0,375.0,2564.16,0,1
13.0,352.0,399.0,2335.984615384615,2,11
4.0,278.0,320.0,1762.98,1,4
3.0,148.0,314.0,1817.12,0,3
3.0,217.0,329.0,983.66,0,3
2.0,174.0,293.0,1229.0999999999997,0,2
2.0,90.0,200.0,1418.58,0,3
11.0,283.0,326.0,2729.252727272727,2,11
2.0,277.0,366.0,1079.25,0,2
1.0,351.0,405.0,1073.16,0,1
5.0,334.0,377.0,1143.5279999999998,1,4
1.0,17.0,130.0,1542.78,0,2
14.0,341.0,397.0,1562.19,2,11
8.0,237.0,291.0,5073.4875,2,9
1.0,47.0,272.0,1073.16,0,1
3.0,279.0,350.0,2510.04,0,3
1.0,142.0,196.0,2409.3599999999997,0,2
4.0,291.0,361.0,3947.0699999999997,1,4
1.0,257.0,299.0,691.1999999999999,0,1
3.0,226.0,316.0,1798.9599999999998,0,3
1.0,117.0,236.0,3188.7,0,1
18.0,266.0,305.0,1651.2233333333331,4,18
5.0,205.0,273.0,3024.156,1,6
1.0,23.0,135.0,1508.8799999999999,0,2
5.0,217.0,273.0,4032.1440000000002,1,6
1.0,150.0,411.0,440.64,0,1
4.0,193.0,264.0,1705.83,1,5
10.0,346.0,407.0,1350.018,2,8
3.0,210.0,274.0,2380.34,1,4
2.0,203.0,246.0,1546.11,0,3
1.0,35.0,251.0,924.48,0,1
1.0,35.0,243.0,716.76,0,1
6.0,220.0,312.0,7004.09,1,6
2.0,55.0,110.0,203.52,1,6
4.0,227.0,407.0,762.9,0,3
5.0,314.0,370.0,4946.892,1,4
20.0,342.0,403.0,3380.22,4,16
3.0,245.0,293.0,1912.76,1,4
2.0,303.0,358.0,2190.42,0,2
1.0,216.0,323.0,3041.58,0,1
5.0,269.0,323.0,424.8,1,5
1.0,55.0,117.0,5354.4,0,3
15.0,342.0,397.0,2001.896,3,12
2.0,136.0,203.0,1285.29,0,3
19.0,264.0,305.0,3018.230526315789,5,19
1.0,44.0,137.0,1637.7,0,2
4.0,304.0,376.0,2267.235,1,4
14.0,280.0,321.0,1602.3985714285714,3,14
5.0,181.0,292.0,2439.384,1,5
4.0,183.0,226.0,1042.62,1,6
17.0,354.0,397.0,31809.92823529412,3,14
6.0,308.0,394.0,3710.1200000000003,1,5
3.0,59.0,99.0,2978.4,2,9
1.0,7.0,121.0,74.15999999999997,0,2
2.0,158.0,240.0,507.11999999999995,0,3
1.0,33.0,328.0,10503.0,0,0
1.0,203.0,310.0,2689.44,0,1
3.0,113.0,287.0,1719.84,0,3
1.0,27.0,292.0,6758.4,0,0
16.0,358.0,405.0,2438.895,3,13
16.0,353.0,400.0,2426.31375,3,13
20.0,358.0,397.0,5311.038,4,16
2.0,77.0,153.0,994.47,1,4
3.0,197.0,320.0,5275.48,0,3
8.0,349.0,407.0,2185.2,1,6
4.0,354.0,396.0,2980.3199999999997,0,3
8.0,267.0,315.0,3394.3875,2,8
16.0,348.0,405.0,3335.34375,3,13
1.0,99.0,356.0,124.19999999999999,0,1
8.0,357.0,405.0,3081.0375,1,6
6.0,354.0,407.0,1855.4399999999998,1,5
14.0,351.0,407.0,2507.3614285714284,2,11
1.0,16.0,146.0,1366.1999999999998,0,2
5.0,69.0,410.0,1082.8319999999999,0,0
3.0,335.0,400.0,3463.7999999999997,0,3
3.0,218.0,303.0,2295.74,0,3
20.0,205.0,280.0,2726.802,4,18
3.0,267.0,358.0,1426.5999999999997,0,3
1.0,62.0,153.0,2860.56,0,2
5.0,256.0,373.0,2669.904,1,4
6.0,329.0,397.0,2437.2000000000003,1,5
6.0,162.0,212.0,1652.4399999999998,2,9
16.0,225.0,350.0,3596.8424999999997,2,8
16.0,354.0,397.0,3312.96,3,13
3.0,42.0,106.0,959.7600000000001,2,8
4.0,317.0,373.0,2152.6499999999996,1,4
4.0,188.0,271.0,1047.615,1,5
2.0,201.0,354.0,4849.5,0,2
2.0,23.0,69.0,1470.36,2,8
2.0,125.0,183.0,4922.129999999999,1,4
12.0,140.0,182.0,1784.59,4,19
7.0,286.0,355.0,4405.465714285714,1,6
2.0,224.0,310.0,1139.6100000000001,0,2
4.0,315.0,411.0,1274.31,0,3
4.0,305.0,377.0,4044.435,1,4
4.0,111.0,217.0,1061.355,1,6
9.0,320.0,369.0,1188.06,2,8
1.0,177.0,296.0,406.98,0,1
1.0,200.0,313.0,1266.6,0,1
23.0,364.0,405.0,3641.6973913043475,4,18
1.0,159.0,298.0,2184.72,0,1
18.0,358.0,407.0,1035.6,3,14
1.0,131.0,293.0,2490.66,0,1
7.0,34.0,76.0,1015.1485714285715,5,21
5.0,303.0,371.0,2406.564,1,4
8.0,179.0,219.0,961.8074999999999,2,11
4.0,110.0,312.0,240.0300000000001,0,3
1.0,247.0,309.0,3476.52,0,1
1.0,187.0,399.0,2040.72,0,1
3.0,136.0,278.0,1549.38,0,3
2.0,128.0,309.0,3114.54,0,2
1.0,175.0,313.0,1011.84,0,1
4.0,239.0,301.0,1453.245,1,4
1.0,168.0,399.0,2568.48,0,1
1.0,13.0,56.0,1926.84,1,5
9.0,196.0,243.0,1371.6333333333334,3,12
20.0,355.0,408.0,2582.295,4,16
3.0,255.0,397.0,944.2800000000001,0,3
11.0,366.0,407.0,907.2545454545453,2,9
12.0,195.0,244.0,1911.01,3,15
1.0,149.0,203.0,1971.72,0,2
1.0,147.0,224.0,3785.2799999999997,0,2
1.0,19.0,151.0,124.19999999999999,0,2
2.0,33.0,256.0,580.8,0,1
2.0,333.0,373.0,3303.3,0,2
1.0,245.0,412.0,822.9599999999999,0,1
1.0,77.0,155.0,1331.8799999999999,0,2
9.0,214.0,284.0,2782.5466666666666,2,10
2.0,91.0,327.0,791.73,0,2
36.0,361.0,408.0,3413.9516666666664,7,28
6.0,251.0,326.0,2022.5199999999998,1,6
3.0,238.0,341.0,2045.9199999999998,0,3
12.0,285.0,366.0,6529.82,2,10
2.0,47.0,90.0,960.48,1,7
1.0,166.0,215.0,263.88,0,2
1.0,20.0,82.0,1469.76,1,3
4.0,155.0,300.0,442.26000000000005,1,4
2.0,309.0,407.0,721.2,0,2
3.0,337.0,405.0,878.2200000000001,0,3
2.0,21.0,200.0,409.5,0,2
4.0,153.0,214.0,1187.37,1,6
5.0,248.0,309.0,3693.228,1,5
2.0,107.0,223.0,1212.1799999999998,0,3
9.0,360.0,403.0,4524.966666666666,1,7
7.0,275.0,378.0,1960.637142857143,1,6
5.0,196.0,247.0,1287.744,1,7
5.0,159.0,228.0,2071.8720000000003,1,7
2.0,251.0,356.0,2885.37,0,2
1.0,184.0,410.0,1232.7,0,1
2.0,342.0,396.0,1165.29,0,2
2.0,142.0,375.0,4378.65,0,2
4.0,370.0,410.0,1197.165,0,3
4.0,322.0,362.0,1063.365,1,4
3.0,342.0,407.0,909.2600000000001,0,3
5.0,353.0,399.0,1842.5880000000002,1,4
13.0,320.0,363.0,2056.9984615384615,3,12
5.0,366.0,410.0,4695.719999999999,1,4
3.0,167.0,287.0,1286.4399999999998,0,3
4.0,336.0,404.0,1657.095,0,3
7.0,87.0,130.0,1657.0714285714287,3,15
8.0,300.0,362.0,2230.17,1,7
5.0,274.0,322.0,940.632,1,5
1.0,349.0,411.0,3143.82,0,1
4.0,268.0,356.0,1592.715,1,4
10.0,212.0,407.0,1988.58,1,4
18.0,350.0,401.0,2823.2166666666667,3,14
2.0,63.0,123.0,1945.8600000000001,1,5
2.0,246.0,400.0,1346.31,0,2
17.0,293.0,412.0,1301.9823529411765,2,11
6.0,152.0,194.0,1475.22,2,10
1.0,42.0,107.0,1439.04,0,3
19.0,364.0,408.0,1944.6536842105263,3,15
2.0,238.0,278.0,1314.81,0,3
3.0,300.0,347.0,4521.32,0,3
2.0,237.0,328.0,9511.35,0,2
7.0,215.0,266.0,1906.962857142857,2,8
2.0,107.0,357.0,1514.94,0,2
12.0,337.0,397.0,2813.5049999999997,2,10
2.0,187.0,364.0,1531.62,0,2
6.0,313.0,355.0,1502.5,1,6
1.0,68.0,163.0,3320.88,0,2
3.0,181.0,343.0,578.9599999999999,0,3
7.0,359.0,398.0,2059.302857142857,1,6
4.0,189.0,412.0,700.17,0,3
1.0,42.0,320.0,2503.44,0,0
2.0,214.0,291.0,1267.77,0,2
9.0,232.0,279.0,1604.1266666666666,2,10
1.0,103.0,146.0,1548.72,0,3
2.0,152.0,230.0,1058.58,0,3
7.0,294.0,336.0,1731.7542857142857,1,7
1.0,36.0,330.0,2881.4399999999996,0,0
7.0,357.0,408.0,2082.942857142857,1,6
3.0,52.0,169.0,3226.2000000000003,1,5
7.0,341.0,397.0,5362.028571428571,1,6
1.0,1.0,69.0,14880.0,1,3
5.0,202.0,244.0,2340.468,1,7
5.0,143.0,189.0,456.912,2,8
5.0,300.0,349.0,2677.524,1,5
6.0,328.0,397.0,1985.76,1,5
2.0,37.0,364.0,1296.0,0,1
3.0,155.0,343.0,544.66,0,3
1.0,51.0,113.0,1986.24,0,3
10.0,358.0,397.0,2980.8,2,8
3.0,217.0,329.0,2694.4,0,3
1.0,46.0,131.0,3375.2999999999997,0,2
3.0,71.0,114.0,1384.3400000000001,2,8
5.0,307.0,396.0,1112.4,1,4
2.0,58.0,105.0,1566.0900000000001,1,6
2.0,157.0,224.0,5470.92,0,3
19.0,370.0,411.0,3141.502105263158,3,15
1.0,285.0,364.0,4269.48,0,1
3.0,357.0,407.0,2526.98,0,3
2.0,112.0,196.0,267.96,1,3
1.0,313.0,412.0,1632.96,0,1
1.0,184.0,408.0,1010.8799999999999,0,1
4.0,239.0,356.0,1362.78,1,4
1.0,126.0,275.0,2976.0,0,1
1.0,143.0,193.0,1282.8,0,2
2.0,273.0,398.0,3000.66,0,2
3.0,271.0,326.0,1638.7,0,3
2.0,66.0,350.0,534.3,0,1
2.0,334.0,399.0,3225.0,0,2
4.0,245.0,286.0,1601.25,1,5
3.0,234.0,305.0,4313.82,0,3
2.0,351.0,398.0,3871.35,0,2
2.0,134.0,286.0,1241.94,0,2
1.0,120.0,244.0,2916.36,0,1
5.0,216.0,370.0,1005.8399999999999,1,4
9.0,273.0,314.0,4305.873333333333,2,9
5.0,203.0,338.0,5138.88,1,5
5.0,217.0,284.0,1724.4479999999999,1,6
2.0,158.0,278.0,2476.2,0,2
4.0,340.0,408.0,4920.54,0,3
8.0,159.0,271.0,3292.2000000000003,2,8
3.0,56.0,408.0,982.16,0,0
7.0,281.0,328.0,1306.3885714285714,1,7
2.0,269.0,366.0,2950.59,0,2
20.0,356.0,407.0,1810.4399999999998,4,16
9.0,345.0,412.0,2192.3199999999997,1,7
12.0,301.0,348.0,1435.955,2,11
3.0,92.0,148.0,2743.42,1,6
3.0,300.0,356.0,1727.2600000000002,0,3
2.0,328.0,403.0,2858.3399999999997,0,2
2.0,247.0,308.0,867.54,0,2
1.0,21.0,85.0,1477.62,0,3
1.0,285.0,357.0,11346.3,0,1
2.0,194.0,342.0,2965.32,0,2
4.0,239.0,401.0,2309.7,0,3
5.0,56.0,102.0,2721.54,3,13
3.0,225.0,292.0,2697.9,1,4
7.0,350.0,393.0,2345.7428571428572,1,6
6.0,322.0,363.0,4032.49,1,5
3.0,227.0,316.0,4543.56,0,3
4.0,312.0,373.0,1607.3249999999998,1,4
6.0,252.0,300.0,1187.34,1,7
6.0,363.0,404.0,1055.73,1,5
3.0,168.0,217.0,3848.92,1,5
1.0,147.0,345.0,2876.04,0,1
5.0,246.0,317.0,14407.356,1,5
5.0,203.0,271.0,672.804,1,6
8.0,329.0,373.0,626.775,1,7
4.0,225.0,272.0,1030.53,1,5
2.0,56.0,98.0,192.42000000000002,1,6
2.0,210.0,401.0,3278.4300000000003,0,2
3.0,70.0,114.0,4625.56,2,8
5.0,251.0,305.0,6987.264,1,5
1.0,158.0,303.0,783.36,0,1
4.0,355.0,410.0,1922.175,0,3
11.0,273.0,327.0,5992.320000000001,2,11
1.0,83.0,123.0,3222.2400000000002,0,3
2.0,253.0,397.0,1871.1,0,2
4.0,289.0,350.0,2634.075,1,4
1.0,69.0,302.0,9840.0,0,1
1.0,160.0,216.0,901.0799999999999,0,2
2.0,169.0,215.0,601.29,0,3
2.0,328.0,399.0,3540.18,0,2
3.0,150.0,210.0,2786.18,1,5
5.0,210.0,280.0,4826.3279999999995,1,6
6.0,277.0,344.0,1773.0900000000001,1,6
1.0,57.0,117.0,1408.8,0,3
5.0,241.0,312.0,3052.644,1,5
2.0,165.0,242.0,256.5,0,3
3.0,133.0,222.0,1406.9399999999996,1,4
7.0,126.0,170.0,3899.1600000000003,3,12
4.0,252.0,335.0,1891.395,1,4
2.0,183.0,400.0,1943.0100000000002,0,2
2.0,260.0,355.0,2218.89,0,2
1.0,316.0,412.0,699.72,0,1
7.0,98.0,144.0,3502.5342857142855,3,14
1.0,14.0,99.0,600.0,0,3
7.0,351.0,401.0,2086.9371428571426,1,6
1.0,253.0,398.0,1303.86,0,1
2.0,149.0,246.0,228.81000000000006,0,3
4.0,340.0,407.0,3287.715,0,3
6.0,141.0,215.0,1694.6599999999999,2,9
1.0,87.0,399.0,82.80000000000001,0,0
2.0,348.0,410.0,1742.76,0,2
2.0,25.0,99.0,9551.099999999999,1,6
6.0,185.0,393.0,1964.24,1,4
7.0,343.0,408.0,2402.194285714286,1,6
9.0,326.0,405.0,2237.3,1,7
5.0,299.0,398.0,1348.1280000000002,1,4
9.0,364.0,407.0,1536.8066666666666,1,7
9.0,340.0,403.0,2655.1200000000003,1,7
1.0,29.0,75.0,1684.5,1,4
1.0,58.0,407.0,1110.96,0,0
5.0,350.0,407.0,1323.108,1,4
6.0,357.0,411.0,2144.82,1,5
1.0,46.0,181.0,1337.34,0,2
5.0,95.0,398.0,2827.968,0,1
9.0,349.0,400.0,2683.273333333333,1,7
1.0,12.0,53.0,1770.12,1,5
1.0,347.0,411.0,1726.2,0,1
5.0,350.0,401.0,1311.036,1,4
1.0,11.0,61.0,589.92,1,4
14.0,369.0,410.0,1999.6199999999997,2,11
1.0,40.0,391.0,3171.6,0,0
1.0,72.0,219.0,3528.48,0,1
25.0,368.0,408.0,2777.0015999999996,5,20
1.0,258.0,300.0,1839.42,0,1
1.0,70.0,225.0,98.64000000000001,0,1
1.0,11.0,54.0,848.7,1,5
1.0,259.0,338.0,1545.6599999999999,0,1
1.0,205.0,351.0,930.84,0,1
1.0,220.0,407.0,1839.78,0,1
3.0,314.0,405.0,2720.14,0,3
1.0,42.0,219.0,1483.74,0,1
2.0,145.0,186.0,820.11,1,4
3.0,138.0,284.0,1733.6799999999996,0,3
4.0,220.0,301.0,3086.0249999999996,1,4
1.0,95.0,361.0,2887.2,0,1
2.0,169.0,338.0,3996.36,0,2
5.0,276.0,375.0,1536.0,1,4
5.0,346.0,411.0,1395.9360000000001,1,4
6.0,349.0,397.0,1779.34,1,5
2.0,149.0,219.0,3188.6400000000003,0,3
1.0,13.0,55.0,1429.14,1,5
7.0,353.0,400.0,1812.8657142857141,1,6
1.0,36.0,103.0,2301.96,0,3
1.0,23.0,163.0,3245.04,0,1
3.0,162.0,212.0,1431.6999999999998,1,5
5.0,291.0,344.0,1554.888,1,5
16.0,343.0,392.0,4302.18375,3,13
1.0,238.0,355.0,6877.2,0,1
2.0,21.0,198.0,2064.42,0,2
10.0,288.0,351.0,1919.7240000000002,2,9
35.0,357.0,396.0,1456.7502857142858,7,28
2.0,43.0,128.0,2063.88,1,5
2.0,268.0,407.0,3108.36,0,2
1.0,59.0,106.0,341.70000000000005,0,3
6.0,277.0,331.0,1062.62,1,6
3.0,349.0,405.0,2390.9199999999996,0,3
1.0,301.0,354.0,2318.82,0,1
1.0,45.0,106.0,820.8,0,3
2.0,7.0,347.0,41.76,0,0
3.0,159.0,349.0,2635.7599999999998,0,3
7.0,344.0,400.0,6925.4914285714285,1,6
1.0,271.0,404.0,1523.2799999999997,0,1
11.0,357.0,405.0,7151.803636363636,2,9
1.0,210.0,405.0,2222.82,0,1
2.0,181.0,235.0,1699.62,0,3
13.0,370.0,412.0,1573.9246153846154,2,10
4.0,283.0,336.0,2073.825,1,4
2.0,43.0,90.0,4685.219999999999,1,7
2.0,237.0,312.0,1609.8600000000001,0,2
1.0,25.0,193.0,7235.999999999999,0,1
1.0,52.0,394.0,988.2,0,0
1.0,167.0,223.0,2113.2,0,2
2.0,242.0,330.0,1837.53,0,2
1.0,70.0,348.0,1346.34,0,0
10.0,331.0,370.0,3335.1,2,9
6.0,320.0,371.0,5612.57,1,5
8.0,314.0,376.0,814.095,1,7
3.0,97.0,208.0,929.2399999999999,1,5
1.0,344.0,400.0,2704.68,0,1
7.0,322.0,401.0,1386.6942857142858,1,6
3.0,272.0,351.0,1387.42,0,3
1.0,63.0,320.0,2518.2,0,1
3.0,171.0,400.0,726.54,0,2
1.0,241.0,350.0,808.02,0,1
20.0,350.0,412.0,1535.022,4,15
20.0,364.0,411.0,7995.525,4,16
1.0,200.0,258.0,902.1,0,1
3.0,158.0,204.0,5743.959999999999,1,5
1.0,14.0,72.0,3633.96,1,4
3.0,210.0,326.0,2432.92,0,3
37.0,339.0,378.0,7108.307027027026,7,31
1.0,1.0,203.0,846.72,0,0
1.0,52.0,397.0,1206.12,0,0
3.0,332.0,410.0,19149.0,0,2
2.0,141.0,294.0,1441.1399999999999,0,2
4.0,227.0,392.0,3536.25,0,3
11.0,365.0,408.0,1638.0872727272726,2,9
14.0,356.0,399.0,17975.262857142858,2,11
4.0,149.0,189.0,1190.22,1,7
2.0,36.0,405.0,5086.71,0,0
1.0,64.0,287.0,4235.76,0,1
4.0,199.0,254.0,1892.55,1,5
3.0,353.0,404.0,2153.28,0,3
6.0,370.0,411.0,1467.58,1,5
1.0,141.0,223.0,1512.0,0,2
8.0,252.0,320.0,4901.5199999999995,2,8
1.0,281.0,362.0,2457.6,0,1
11.0,313.0,363.0,2636.88,2,10
2.0,323.0,412.0,1941.84,0,2
9.0,280.0,335.0,1416.62,2,9
3.0,172.0,256.0,592.5600000000001,1,4
1.0,41.0,99.0,583.2,0,3
4.0,278.0,321.0,7938.179999999999,1,4
25.0,368.0,407.0,5551.62,5,20
3.0,98.0,257.0,901.1999999999999,0,3
1.0,333.0,404.0,1272.96,0,1
1.0,19.0,76.0,1575.42,1,4
8.0,83.0,124.0,1903.9575,4,17
1.0,225.0,265.0,778.3199999999999,0,1
3.0,100.0,286.0,145.51999999999995,0,3
9.0,336.0,404.0,2053.3066666666664,1,7
2.0,25.0,211.0,7334.879999999999,0,2
1.0,134.0,349.0,437.76,0,1
1.0,31.0,110.0,1403.28,0,3
6.0,357.0,398.0,2516.5499999999997,1,5
31.0,324.0,371.0,44625.555483870965,6,26
6.0,104.0,144.0,1802.62,3,12
1.0,47.0,103.0,1201.08,0,3
3.0,167.0,398.0,973.1999999999998,0,2
4.0,213.0,378.0,2800.89,0,3
1.0,17.0,99.0,2962.38,0,3
7.0,295.0,412.0,512.6057142857143,1,5
1.0,7.0,68.0,3109.56,1,4
2.0,233.0,323.0,827.0699999999999,0,2
5.0,297.0,352.0,1944.3,1,5
1.0,68.0,117.0,2513.88,0,3
1.0,4.0,53.0,249.12,1,5
5.0,188.0,243.0,2551.968,1,7
3.0,204.0,287.0,1782.32,1,4
2.0,108.0,338.0,1899.9299999999998,0,2
4.0,90.0,132.0,2054.1749999999997,2,9
2.0,118.0,222.0,1073.94,0,3
1.0,154.0,251.0,1396.56,0,1
7.0,176.0,215.0,1923.2142857142858,2,10
9.0,324.0,364.0,2682.32,2,8
1.0,31.0,77.0,1285.92,1,4
2.0,12.0,68.0,3519.0,2,7
3.0,20.0,68.0,1279.28,2,11
1.0,36.0,77.0,1818.42,1,4
6.0,116.0,361.0,3185.9799999999996,0,2
1.0,44.0,244.0,5464.8,0,1
1.0,48.0,348.0,2198.64,0,0
2.0,6.0,102.0,7391.94,1,5
31.0,371.0,412.0,22694.589677419357,6,24
10.0,273.0,340.0,2012.988,2,9
3.0,287.0,357.0,1126.52,0,3
3.0,270.0,324.0,1217.74,0,3
6.0,351.0,407.0,2080.8399999999997,1,5
3.0,175.0,238.0,1556.3,1,4
4.0,217.0,257.0,1917.81,1,5
2.0,8.0,58.0,1675.8,2,8
6.0,364.0,404.0,662.8900000000002,1,5
5.0,165.0,257.0,989.8799999999999,1,6
9.0,70.0,110.0,2242.793333333333,5,21
8.0,364.0,404.0,2161.9049999999997,1,7
1.0,274.0,342.0,2220.48,0,1
2.0,308.0,355.0,1251.3,0,2
1.0,28.0,90.0,1004.4000000000001,0,3
1.0,46.0,282.0,919.56,0,1
3.0,330.0,411.0,1691.8799999999999,0,2
4.0,147.0,187.0,2446.44,1,7
1.0,315.0,373.0,2388.54,0,1
2.0,67.0,120.0,1049.67,1,5
4.0,216.0,349.0,1436.25,1,4
7.0,159.0,212.0,956.7257142857143,2,10
2.0,56.0,119.0,1388.13,1,5
1.0,17.0,64.0,4039.92,1,4
9.0,365.0,411.0,3224.8399999999997,1,7
3.0,248.0,337.0,3357.22,0,3
3.0,302.0,412.0,431.7,0,2
2.0,64.0,132.0,781.32,1,5
17.0,357.0,404.0,1629.3988235294116,3,14
3.0,175.0,218.0,763.2199999999999,1,5
2.0,106.0,397.0,700.5,0,1
15.0,372.0,411.0,5506.652,3,12
2.0,120.0,166.0,1981.41,1,4
3.0,229.0,377.0,1985.9000000000003,0,3
2.0,132.0,271.0,3502.68,0,2
3.0,180.0,279.0,5015.08,1,4
2.0,38.0,79.0,4687.469999999999,1,7
6.0,246.0,358.0,2070.87,1,5
5.0,349.0,391.0,5393.556,1,4
1.0,169.0,293.0,5627.879999999999,0,1
1.0,25.0,76.0,1915.2,1,4
6.0,345.0,407.0,3372.93,1,5
7.0,322.0,363.0,5076.96,1,6
1.0,95.0,351.0,1438.08,0,1
3.0,287.0,366.0,1865.0,0,3
16.0,358.0,400.0,1920.94875,3,13
9.0,244.0,336.0,1557.3333333333333,2,8
10.0,283.0,344.0,3254.91,2,9
2.0,92.0,261.0,728.9399999999999,0,2
1.0,81.0,293.0,1351.68,0,1
2.0,357.0,401.0,2699.16,0,2
3.0,333.0,393.0,3029.6,0,3
1.0,204.0,257.0,3676.2,0,1
3.0,239.0,296.0,4140.599999999999,0,3
8.0,354.0,398.0,1604.595,1,7
1.0,63.0,271.0,1393.2,0,1
2.0,231.0,271.0,938.5799999999999,0,3
5.0,328.0,398.0,2174.064,1,4
8.0,301.0,376.0,1634.1599999999999,1,7
1.0,84.0,154.0,1725.48,0,2
1.0,57.0,215.0,2630.16,0,1
13.0,321.0,361.0,1774.583076923077,3,12
3.0,146.0,404.0,2057.96,0,2
3.0,189.0,288.0,3330.86,1,3
11.0,166.0,216.0,2662.990909090909,3,15
17.0,256.0,320.0,2203.5670588235294,4,16
4.0,91.0,159.0,2103.075,2,8
7.0,356.0,405.0,2245.7657142857142,1,6
4.0,55.0,167.0,2769.51,1,6
2.0,201.0,250.0,700.02,0,3
13.0,369.0,411.0,1728.18,2,10
8.0,262.0,326.0,1468.95,2,8
1.0,194.0,251.0,2312.16,0,1
1.0,62.0,104.0,2651.04,0,3
3.0,232.0,337.0,3118.4,0,3
1.0,37.0,77.0,1541.28,1,4
6.0,207.0,288.0,4058.08,1,7
5.0,350.0,404.0,1477.608,1,4
3.0,266.0,348.0,5329.38,0,3
5.0,319.0,359.0,2025.5279999999998,1,5
1.0,294.0,407.0,2078.52,0,1
36.0,363.0,403.0,4411.816666666667,7,28
6.0,362.0,405.0,1497.1299999999999,1,5
28.0,367.0,407.0,4524.507857142858,5,22
1.0,33.0,124.0,2890.44,0,2
6.0,358.0,407.0,2858.2999999999997,1,5
6.0,356.0,411.0,3788.58,1,5
4.0,295.0,341.0,8601.359999999999,1,4
13.0,343.0,412.0,2787.8723076923075,2,10
1.0,10.0,407.0,1227.12,0,0
4.0,232.0,398.0,809.91,0,3
1.0,40.0,210.0,3425.76,0,1
12.0,326.0,403.0,1400.49,2,10
5.0,349.0,404.0,4178.411999999999,1,4
5.0,335.0,404.0,3004.4519999999998,1,4
2.0,103.0,177.0,2364.12,1,4
1.0,71.0,278.0,4130.28,0,1
9.0,298.0,340.0,1515.8933333333332,2,9
15.0,362.0,405.0,5317.5960000000005,3,12
1.0,151.0,375.0,571.68,0,1
1.0,137.0,363.0,1297.3799999999999,0,1
1.0,279.0,328.0,1368.0,0,1
9.0,245.0,306.0,4461.253333333333,2,9
17.0,218.0,294.0,2335.655294117647,4,16
2.0,199.0,264.0,2752.2,0,3
5.0,270.0,405.0,2439.216,1,4
5.0,87.0,253.0,4878.864,1,4
3.0,81.0,177.0,1720.62,1,5
12.0,251.0,306.0,2098.29,3,12
4.0,83.0,125.0,4503.72,2,9
14.0,323.0,365.0,2949.355714285714,3,12
3.0,104.0,222.0,597.0200000000001,1,4
1.0,223.0,300.0,3947.2799999999997,0,1
2.0,180.0,272.0,2439.75,0,3
16.0,315.0,356.0,6255.9037499999995,3,14
3.0,104.0,152.0,83.04,1,6
1.0,49.0,97.0,671.76,0,3
3.0,263.0,321.0,2997.8799999999997,0,3
7.0,349.0,399.0,2874.162857142857,1,6
1.0,219.0,371.0,435.84000000000003,0,1
6.0,355.0,397.0,2652.68,1,5
1.0,78.0,295.0,2531.64,0,1
8.0,159.0,203.0,1530.9,3,12
4.0,260.0,299.0,3135.09,1,4
29.0,371.0,411.0,1557.8544827586206,5,23
5.0,231.0,289.0,4765.404,1,6
1.0,152.0,208.0,5545.56,0,2
1.0,352.0,412.0,954.42,0,1
1.0,161.0,250.0,4618.62,0,1
2.0,98.0,295.0,1038.84,0,2
2.0,158.0,205.0,7721.699999999999,0,3
9.0,308.0,359.0,3303.6666666666665,2,8
3.0,84.0,321.0,1492.3999999999999,0,2
1.0,267.0,362.0,1079.04,0,1
3.0,209.0,344.0,2752.3199999999997,0,3
2.0,76.0,139.0,1956.3000000000002,1,5
2.0,122.0,182.0,1323.45,1,4
1.0,94.0,292.0,713.4,0,1
1.0,175.0,286.0,1418.22,0,1
1.0,232.0,356.0,1359.84,0,1
3.0,219.0,410.0,3121.6999999999994,0,2
1.0,56.0,168.0,9122.880000000001,0,2
11.0,338.0,403.0,1385.192727272727,2,9
1.0,85.0,303.0,1553.58,0,1
3.0,329.0,408.0,1611.72,0,2
1.0,160.0,221.0,4214.4,0,2
8.0,339.0,400.0,2907.1949999999997,1,7
8.0,297.0,373.0,1102.395,1,7
2.0,290.0,411.0,4777.11,0,2
11.0,357.0,412.0,3463.1018181818176,2,9
39.0,329.0,372.0,1593.9384615384615,8,32
3.0,356.0,407.0,1422.82,0,3
4.0,57.0,110.0,2919.525,2,10
3.0,329.0,404.0,56.4,0,3
1.0,273.0,316.0,978.66,0,1
6.0,300.0,410.0,4240.82,1,5
2.0,359.0,403.0,3004.62,0,2
7.0,176.0,223.0,908.4171428571428,2,10
2.0,287.0,327.0,871.3199999999999,0,2
2.0,21.0,62.0,999.3299999999999,2,8
7.0,121.0,202.0,1706.6399999999999,2,10
4.0,346.0,411.0,3310.3199999999997,0,3
112.0,372.0,412.0,2948.747142857143,3,14
8.0,277.0,397.0,833.5875,1,6
3.0,115.0,372.0,1072.1200000000001,0,2
2.0,71.0,412.0,15704.97,0,1
1.0,42.0,266.0,1652.4,0,1
3.0,280.0,320.0,2517.86,0,3
20.0,362.0,404.0,10551.915,4,16
11.0,364.0,408.0,3701.274545454545,2,9
7.0,316.0,358.0,2155.405714285714,1,6
5.0,310.0,408.0,4606.728,1,4
2.0,263.0,314.0,1612.89,0,2
21.0,334.0,403.0,3714.2314285714288,4,16
4.0,258.0,327.0,1264.215,1,4
3.0,261.0,407.0,590.82,0,2
8.0,364.0,405.0,1620.885,1,6
4.0,293.0,412.0,3211.665,0,3
2.0,70.0,294.0,2458.86,0,2
3.0,243.0,285.0,1528.78,1,4
3.0,368.0,410.0,1469.3999999999999,0,2
2.0,218.0,288.0,2804.16,0,2
8.0,339.0,396.0,515.0325,1,7
1.0,110.0,361.0,845.76,0,1
1.0,39.0,400.0,1039.08,0,0
2.0,99.0,194.0,422.40000000000003,1,3
7.0,295.0,405.0,1199.9485714285713,1,6
1.0,201.0,412.0,1094.34,0,1
1.0,122.0,246.0,435.65999999999997,0,1
3.0,302.0,412.0,1655.5600000000002,0,2
3.0,54.0,403.0,526.14,0,0
1.0,297.0,394.0,1606.68,0,1
2.0,317.0,401.0,955.8,0,2
16.0,369.0,412.0,1913.475,3,13
3.0,202.0,305.0,1509.6599999999999,0,3
9.0,372.0,412.0,2410.3,1,7
1.0,70.0,242.0,1541.28,0,1
1.0,201.0,285.0,1113.66,0,1
4.0,297.0,347.0,1321.605,1,4
4.0,204.0,278.0,2800.2599999999998,1,5
1.0,121.0,294.0,923.76,0,1
2.0,182.0,250.0,3080.49,0,3
1.0,7.0,97.0,546.48,0,2
1.0,3.0,180.0,93.18,0,1
6.0,354.0,401.0,4017.08,1,5
11.0,253.0,341.0,717.9490909090908,2,10
1.0,26.0,298.0,1096.1399999999999,0,0
30.0,370.0,410.0,14228.582,6,23
1.0,293.0,404.0,1817.82,0,1
3.0,334.0,412.0,1924.8,0,2
10.0,366.0,410.0,1823.718,2,8
2.0,21.0,258.0,1192.23,0,1
34.0,351.0,411.0,285.0917647058823,6,25
1.0,341.0,411.0,1742.16,0,1
12.0,332.0,408.0,1786.9750000000001,2,9
3.0,224.0,300.0,2636.84,0,3
1.0,195.0,400.0,853.56,0,1
2.0,195.0,258.0,2358.24,0,3
12.0,351.0,405.0,2818.7099999999996,2,10
2.0,224.0,298.0,2141.25,0,2
2.0,194.0,398.0,2143.6800000000003,0,2
4.0,315.0,365.0,261.495,1,4
2.0,125.0,400.0,1919.52,0,1
1.0,1.0,265.0,725.28,0,0
3.0,169.0,329.0,891.98,0,3
7.0,90.0,203.0,1416.3085714285714,2,8
1.0,329.0,405.0,1590.36,0,1
1.0,74.0,125.0,1368.1799999999998,0,3
1.0,44.0,86.0,910.4399999999999,1,4
7.0,248.0,357.0,2355.36,1,6
4.0,332.0,403.0,2750.6549999999997,0,3
2.0,229.0,349.0,1488.0,0,2
1.0,91.0,238.0,702.84,0,1
1.0,38.0,81.0,907.92,1,4
1.0,8.0,82.0,1990.62,0,3
2.0,213.0,284.0,1222.95,0,3
5.0,208.0,401.0,64.212,1,4
1.0,226.0,284.0,980.9999999999999,0,1
19.0,361.0,411.0,1632.6000000000001,3,15
2.0,342.0,405.0,1008.12,0,2
10.0,356.0,399.0,1667.364,2,8
9.0,362.0,408.0,5299.446666666667,1,7
3.0,58.0,106.0,478.03999999999996,2,8
9.0,345.0,405.0,1580.32,1,7
2.0,164.0,376.0,2283.1800000000003,0,2
1.0,102.0,274.0,3373.92,0,1
6.0,359.0,403.0,2813.15,1,5
4.0,301.0,366.0,3585.7200000000003,1,4
1.0,108.0,404.0,1610.28,0,0
9.0,83.0,236.0,3511.8799999999997,0,2
13.0,337.0,399.0,1493.1276923076923,2,11
10.0,358.0,405.0,2014.6200000000001,2,8
1.0,42.0,298.0,1144.8600000000001,0,0
2.0,193.0,277.0,8464.98,0,3
1.0,224.0,281.0,3238.56,0,1
2.0,97.0,172.0,954.66,1,4
1.0,285.0,340.0,767.52,0,1
1.0,43.0,412.0,3203.4,0,0
3.0,203.0,340.0,10579.74,0,3
10.0,363.0,404.0,6285.288,2,8
4.0,209.0,341.0,2551.17,1,4
4.0,210.0,330.0,5220.719999999999,1,4
1.0,20.0,371.0,1704.24,0,0
2.0,52.0,102.0,3168.63,1,6
5.0,347.0,393.0,4164.384,1,4
1.0,132.0,182.0,940.8,0,2
25.0,365.0,404.0,75805.6296,5,20
25.0,368.0,408.0,2536.7952,5,20
1.0,154.0,205.0,1298.04,0,2
7.0,297.0,403.0,1514.9142857142856,1,6
26.0,359.0,408.0,1633.9546153846154,5,20
1.0,5.0,193.0,192.95999999999998,0,1
5.0,142.0,189.0,2834.772,2,8
1.0,7.0,70.0,2208.84,1,4
3.0,287.0,355.0,1617.86,0,3
1.0,114.0,172.0,1737.12,0,2
3.0,49.0,96.0,2026.5200000000002,2,9
4.0,161.0,229.0,1186.92,1,6
3.0,256.0,358.0,1307.16,0,3
1.0,1.0,57.0,14767.56,1,4
3.0,64.0,254.0,2027.24,0,3
1.0,25.0,180.0,4314.179999999999,0,1
10.0,366.0,412.0,2261.22,2,8
3.0,300.0,351.0,6232.799999999999,0,3
1.0,80.0,259.0,694.0799999999999,0,1
1.0,63.0,147.0,667.0799999999999,0,2
2.0,223.0,312.0,1595.52,0,2
2.0,169.0,240.0,1407.24,0,3
1.0,155.0,328.0,2827.56,0,1
1.0,40.0,82.0,1483.44,1,4
3.0,216.0,330.0,646.64,0,3
1.0,357.0,408.0,4384.5,0,1
2.0,79.0,127.0,449.16,1,5
1.0,143.0,239.0,2650.2,0,1
5.0,309.0,358.0,2176.1279999999997,1,5
5.0,102.0,144.0,1421.184,2,10
5.0,196.0,411.0,1472.244,0,3
2.0,184.0,256.0,2804.52,0,3
6.0,275.0,372.0,1338.18,1,5
17.0,280.0,333.0,3659.1388235294116,4,16
3.0,188.0,313.0,3465.16,0,3
5.0,224.0,294.0,1901.0159999999996,1,6
5.0,251.0,403.0,2112.792,1,4
5.0,327.0,375.0,2417.9039999999995,1,4
5.0,138.0,181.0,2563.8,2,9
5.0,56.0,313.0,477.79200000000003,0,0
3.0,275.0,329.0,4347.88,0,3
2.0,190.0,306.0,1871.3999999999999,0,2
2.0,138.0,369.0,427.38,0,2
2.0,216.0,405.0,970.6199999999999,0,2
1.0,195.0,329.0,1978.1399999999999,0,1
20.0,332.0,375.0,1986.9150000000002,4,17
1.0,112.0,350.0,7559.28,0,1
3.0,121.0,231.0,3953.5,1,4
1.0,38.0,113.0,2417.4,0,3
5.0,266.0,306.0,4113.54,1,5
4.0,253.0,317.0,959.16,1,4
1.0,41.0,109.0,2523.6,0,3
3.0,75.0,320.0,878.4,0,2
9.0,366.0,407.0,1667.1466666666665,1,7
5.0,189.0,250.0,1326.9599999999998,1,6
21.0,357.0,397.0,2297.1742857142854,4,17
16.0,368.0,410.0,2797.5675,3,13
13.0,299.0,376.0,3048.798461538461,2,11
2.0,29.0,118.0,1446.06,1,5
19.0,362.0,412.0,3024.972631578947,3,15
9.0,356.0,404.0,2508.893333333333,1,7
5.0,96.0,327.0,2944.2239999999997,0,2
4.0,116.0,236.0,983.8499999999999,1,5
2.0,146.0,256.0,5670.0,0,3
5.0,211.0,279.0,1258.896,1,6
4.0,132.0,173.0,1377.57,1,7
4.0,154.0,411.0,2330.925,0,2
17.0,208.0,256.0,825.755294117647,5,20
2.0,141.0,252.0,7955.7,0,3
5.0,348.0,394.0,3553.2839999999997,1,4
1.0,210.0,272.0,3008.64,0,1
3.0,73.0,225.0,793.2399999999999,1,4
1.0,121.0,210.0,3788.34,0,2
9.0,257.0,335.0,1785.96,2,9
2.0,342.0,405.0,8131.5599999999995,0,2
7.0,186.0,397.0,2802.2314285714283,1,4
1.0,52.0,134.0,824.28,0,2
3.0,229.0,291.0,2504.56,1,4
1.0,86.0,197.0,2594.88,0,2
2.0,228.0,305.0,526.5,0,2
6.0,244.0,285.0,3354.22,1,7
2.0,255.0,296.0,633.5999999999999,0,2
1.0,260.0,357.0,916.8,0,1
2.0,119.0,165.0,316.41,1,4
13.0,334.0,376.0,1268.4553846153844,2,11
2.0,159.0,240.0,4452.96,0,3
